"tabell_navn","aar","bydel_nr","innvgrunn_6","kjonn","enhet","tabellvariabel"
"befolkning_innvandringsgrunn",2014,"030101","alle","alle","person",14245
"befolkning_innvandringsgrunn",2014,"030101","arbeid","alle","person",2406
"befolkning_innvandringsgrunn",2014,"030101","flukt","alle","person",3917
"befolkning_innvandringsgrunn",2014,"030101","familie","alle","person",2717
"befolkning_innvandringsgrunn",2014,"030101","annet","alle","person",592
"befolkning_innvandringsgrunn",2014,"030101","uoppgitt","alle","person",4613
"befolkning_innvandringsgrunn",2014,"030101","alle","1","person",7793
"befolkning_innvandringsgrunn",2014,"030101","arbeid","1","person",1743
"befolkning_innvandringsgrunn",2014,"030101","flukt","1","person",2026
"befolkning_innvandringsgrunn",2014,"030101","familie","1","person",1108
"befolkning_innvandringsgrunn",2014,"030101","annet","1","person",240
"befolkning_innvandringsgrunn",2014,"030101","uoppgitt","1","person",2676
"befolkning_innvandringsgrunn",2014,"030101","alle","0","person",6452
"befolkning_innvandringsgrunn",2014,"030101","arbeid","0","person",663
"befolkning_innvandringsgrunn",2014,"030101","flukt","0","person",1891
"befolkning_innvandringsgrunn",2014,"030101","familie","0","person",1609
"befolkning_innvandringsgrunn",2014,"030101","annet","0","person",352
"befolkning_innvandringsgrunn",2014,"030101","uoppgitt","0","person",1937
"befolkning_innvandringsgrunn",2014,"030102","alle","alle","person",14715
"befolkning_innvandringsgrunn",2014,"030102","arbeid","alle","person",3355
"befolkning_innvandringsgrunn",2014,"030102","flukt","alle","person",3019
"befolkning_innvandringsgrunn",2014,"030102","familie","alle","person",2625
"befolkning_innvandringsgrunn",2014,"030102","annet","alle","person",815
"befolkning_innvandringsgrunn",2014,"030102","uoppgitt","alle","person",4901
"befolkning_innvandringsgrunn",2014,"030102","alle","1","person",8260
"befolkning_innvandringsgrunn",2014,"030102","arbeid","1","person",2421
"befolkning_innvandringsgrunn",2014,"030102","flukt","1","person",1644
"befolkning_innvandringsgrunn",2014,"030102","familie","1","person",1075
"befolkning_innvandringsgrunn",2014,"030102","annet","1","person",339
"befolkning_innvandringsgrunn",2014,"030102","uoppgitt","1","person",2781
"befolkning_innvandringsgrunn",2014,"030102","alle","0","person",6455
"befolkning_innvandringsgrunn",2014,"030102","arbeid","0","person",934
"befolkning_innvandringsgrunn",2014,"030102","flukt","0","person",1375
"befolkning_innvandringsgrunn",2014,"030102","familie","0","person",1550
"befolkning_innvandringsgrunn",2014,"030102","annet","0","person",476
"befolkning_innvandringsgrunn",2014,"030102","uoppgitt","0","person",2120
"befolkning_innvandringsgrunn",2014,"030103","alle","alle","person",7893
"befolkning_innvandringsgrunn",2014,"030103","arbeid","alle","person",1447
"befolkning_innvandringsgrunn",2014,"030103","flukt","alle","person",1834
"befolkning_innvandringsgrunn",2014,"030103","familie","alle","person",1423
"befolkning_innvandringsgrunn",2014,"030103","annet","alle","person",474
"befolkning_innvandringsgrunn",2014,"030103","uoppgitt","alle","person",2715
"befolkning_innvandringsgrunn",2014,"030103","alle","1","person",4199
"befolkning_innvandringsgrunn",2014,"030103","arbeid","1","person",1002
"befolkning_innvandringsgrunn",2014,"030103","flukt","1","person",920
"befolkning_innvandringsgrunn",2014,"030103","familie","1","person",572
"befolkning_innvandringsgrunn",2014,"030103","annet","1","person",183
"befolkning_innvandringsgrunn",2014,"030103","uoppgitt","1","person",1522
"befolkning_innvandringsgrunn",2014,"030103","alle","0","person",3694
"befolkning_innvandringsgrunn",2014,"030103","arbeid","0","person",445
"befolkning_innvandringsgrunn",2014,"030103","flukt","0","person",914
"befolkning_innvandringsgrunn",2014,"030103","familie","0","person",851
"befolkning_innvandringsgrunn",2014,"030103","annet","0","person",291
"befolkning_innvandringsgrunn",2014,"030103","uoppgitt","0","person",1193
"befolkning_innvandringsgrunn",2014,"030104","alle","alle","person",8385
"befolkning_innvandringsgrunn",2014,"030104","arbeid","alle","person",2177
"befolkning_innvandringsgrunn",2014,"030104","flukt","alle","person",1160
"befolkning_innvandringsgrunn",2014,"030104","familie","alle","person",1311
"befolkning_innvandringsgrunn",2014,"030104","annet","alle","person",628
"befolkning_innvandringsgrunn",2014,"030104","uoppgitt","alle","person",3109
"befolkning_innvandringsgrunn",2014,"030104","alle","1","person",4672
"befolkning_innvandringsgrunn",2014,"030104","arbeid","1","person",1558
"befolkning_innvandringsgrunn",2014,"030104","flukt","1","person",655
"befolkning_innvandringsgrunn",2014,"030104","familie","1","person",543
"befolkning_innvandringsgrunn",2014,"030104","annet","1","person",241
"befolkning_innvandringsgrunn",2014,"030104","uoppgitt","1","person",1675
"befolkning_innvandringsgrunn",2014,"030104","alle","0","person",3713
"befolkning_innvandringsgrunn",2014,"030104","arbeid","0","person",619
"befolkning_innvandringsgrunn",2014,"030104","flukt","0","person",505
"befolkning_innvandringsgrunn",2014,"030104","familie","0","person",768
"befolkning_innvandringsgrunn",2014,"030104","annet","0","person",387
"befolkning_innvandringsgrunn",2014,"030104","uoppgitt","0","person",1434
"befolkning_innvandringsgrunn",2014,"030105","alle","alle","person",13196
"befolkning_innvandringsgrunn",2014,"030105","arbeid","alle","person",3557
"befolkning_innvandringsgrunn",2014,"030105","flukt","alle","person",1125
"befolkning_innvandringsgrunn",2014,"030105","familie","alle","person",2320
"befolkning_innvandringsgrunn",2014,"030105","annet","alle","person",837
"befolkning_innvandringsgrunn",2014,"030105","uoppgitt","alle","person",5357
"befolkning_innvandringsgrunn",2014,"030105","alle","1","person",6724
"befolkning_innvandringsgrunn",2014,"030105","arbeid","1","person",2477
"befolkning_innvandringsgrunn",2014,"030105","flukt","1","person",586
"befolkning_innvandringsgrunn",2014,"030105","familie","1","person",764
"befolkning_innvandringsgrunn",2014,"030105","annet","1","person",231
"befolkning_innvandringsgrunn",2014,"030105","uoppgitt","1","person",2666
"befolkning_innvandringsgrunn",2014,"030105","alle","0","person",6472
"befolkning_innvandringsgrunn",2014,"030105","arbeid","0","person",1080
"befolkning_innvandringsgrunn",2014,"030105","flukt","0","person",539
"befolkning_innvandringsgrunn",2014,"030105","familie","0","person",1556
"befolkning_innvandringsgrunn",2014,"030105","annet","0","person",606
"befolkning_innvandringsgrunn",2014,"030105","uoppgitt","0","person",2691
"befolkning_innvandringsgrunn",2014,"030106","alle","alle","person",4769
"befolkning_innvandringsgrunn",2014,"030106","arbeid","alle","person",1281
"befolkning_innvandringsgrunn",2014,"030106","flukt","alle","person",440
"befolkning_innvandringsgrunn",2014,"030106","familie","alle","person",896
"befolkning_innvandringsgrunn",2014,"030106","annet","alle","person",431
"befolkning_innvandringsgrunn",2014,"030106","uoppgitt","alle","person",1721
"befolkning_innvandringsgrunn",2014,"030106","alle","1","person",2230
"befolkning_innvandringsgrunn",2014,"030106","arbeid","1","person",895
"befolkning_innvandringsgrunn",2014,"030106","flukt","1","person",207
"befolkning_innvandringsgrunn",2014,"030106","familie","1","person",293
"befolkning_innvandringsgrunn",2014,"030106","annet","1","person",73
"befolkning_innvandringsgrunn",2014,"030106","uoppgitt","1","person",762
"befolkning_innvandringsgrunn",2014,"030106","alle","0","person",2539
"befolkning_innvandringsgrunn",2014,"030106","arbeid","0","person",386
"befolkning_innvandringsgrunn",2014,"030106","flukt","0","person",233
"befolkning_innvandringsgrunn",2014,"030106","familie","0","person",603
"befolkning_innvandringsgrunn",2014,"030106","annet","0","person",358
"befolkning_innvandringsgrunn",2014,"030106","uoppgitt","0","person",959
"befolkning_innvandringsgrunn",2014,"030107","alle","alle","person",6736
"befolkning_innvandringsgrunn",2014,"030107","arbeid","alle","person",1719
"befolkning_innvandringsgrunn",2014,"030107","flukt","alle","person",592
"befolkning_innvandringsgrunn",2014,"030107","familie","alle","person",1240
"befolkning_innvandringsgrunn",2014,"030107","annet","alle","person",883
"befolkning_innvandringsgrunn",2014,"030107","uoppgitt","alle","person",2302
"befolkning_innvandringsgrunn",2014,"030107","alle","1","person",3013
"befolkning_innvandringsgrunn",2014,"030107","arbeid","1","person",1234
"befolkning_innvandringsgrunn",2014,"030107","flukt","1","person",266
"befolkning_innvandringsgrunn",2014,"030107","familie","1","person",383
"befolkning_innvandringsgrunn",2014,"030107","annet","1","person",127
"befolkning_innvandringsgrunn",2014,"030107","uoppgitt","1","person",1003
"befolkning_innvandringsgrunn",2014,"030107","alle","0","person",3723
"befolkning_innvandringsgrunn",2014,"030107","arbeid","0","person",485
"befolkning_innvandringsgrunn",2014,"030107","flukt","0","person",326
"befolkning_innvandringsgrunn",2014,"030107","familie","0","person",857
"befolkning_innvandringsgrunn",2014,"030107","annet","0","person",756
"befolkning_innvandringsgrunn",2014,"030107","uoppgitt","0","person",1299
"befolkning_innvandringsgrunn",2014,"030108","alle","alle","person",7153
"befolkning_innvandringsgrunn",2014,"030108","arbeid","alle","person",1458
"befolkning_innvandringsgrunn",2014,"030108","flukt","alle","person",894
"befolkning_innvandringsgrunn",2014,"030108","familie","alle","person",1104
"befolkning_innvandringsgrunn",2014,"030108","annet","alle","person",1636
"befolkning_innvandringsgrunn",2014,"030108","uoppgitt","alle","person",2061
"befolkning_innvandringsgrunn",2014,"030108","alle","1","person",3595
"befolkning_innvandringsgrunn",2014,"030108","arbeid","1","person",1015
"befolkning_innvandringsgrunn",2014,"030108","flukt","1","person",459
"befolkning_innvandringsgrunn",2014,"030108","familie","1","person",398
"befolkning_innvandringsgrunn",2014,"030108","annet","1","person",721
"befolkning_innvandringsgrunn",2014,"030108","uoppgitt","1","person",1002
"befolkning_innvandringsgrunn",2014,"030108","alle","0","person",3558
"befolkning_innvandringsgrunn",2014,"030108","arbeid","0","person",443
"befolkning_innvandringsgrunn",2014,"030108","flukt","0","person",435
"befolkning_innvandringsgrunn",2014,"030108","familie","0","person",706
"befolkning_innvandringsgrunn",2014,"030108","annet","0","person",915
"befolkning_innvandringsgrunn",2014,"030108","uoppgitt","0","person",1059
"befolkning_innvandringsgrunn",2014,"030109","alle","alle","person",9286
"befolkning_innvandringsgrunn",2014,"030109","arbeid","alle","person",1727
"befolkning_innvandringsgrunn",2014,"030109","flukt","alle","person",2710
"befolkning_innvandringsgrunn",2014,"030109","familie","alle","person",2013
"befolkning_innvandringsgrunn",2014,"030109","annet","alle","person",415
"befolkning_innvandringsgrunn",2014,"030109","uoppgitt","alle","person",2421
"befolkning_innvandringsgrunn",2014,"030109","alle","1","person",5045
"befolkning_innvandringsgrunn",2014,"030109","arbeid","1","person",1298
"befolkning_innvandringsgrunn",2014,"030109","flukt","1","person",1324
"befolkning_innvandringsgrunn",2014,"030109","familie","1","person",834
"befolkning_innvandringsgrunn",2014,"030109","annet","1","person",189
"befolkning_innvandringsgrunn",2014,"030109","uoppgitt","1","person",1400
"befolkning_innvandringsgrunn",2014,"030109","alle","0","person",4241
"befolkning_innvandringsgrunn",2014,"030109","arbeid","0","person",429
"befolkning_innvandringsgrunn",2014,"030109","flukt","0","person",1386
"befolkning_innvandringsgrunn",2014,"030109","familie","0","person",1179
"befolkning_innvandringsgrunn",2014,"030109","annet","0","person",226
"befolkning_innvandringsgrunn",2014,"030109","uoppgitt","0","person",1021
"befolkning_innvandringsgrunn",2014,"030110","alle","alle","person",8644
"befolkning_innvandringsgrunn",2014,"030110","arbeid","alle","person",1026
"befolkning_innvandringsgrunn",2014,"030110","flukt","alle","person",2771
"befolkning_innvandringsgrunn",2014,"030110","familie","alle","person",2196
"befolkning_innvandringsgrunn",2014,"030110","annet","alle","person",237
"befolkning_innvandringsgrunn",2014,"030110","uoppgitt","alle","person",2414
"befolkning_innvandringsgrunn",2014,"030110","alle","1","person",4394
"befolkning_innvandringsgrunn",2014,"030110","arbeid","1","person",725
"befolkning_innvandringsgrunn",2014,"030110","flukt","1","person",1305
"befolkning_innvandringsgrunn",2014,"030110","familie","1","person",926
"befolkning_innvandringsgrunn",2014,"030110","annet","1","person",80
"befolkning_innvandringsgrunn",2014,"030110","uoppgitt","1","person",1358
"befolkning_innvandringsgrunn",2014,"030110","alle","0","person",4250
"befolkning_innvandringsgrunn",2014,"030110","arbeid","0","person",301
"befolkning_innvandringsgrunn",2014,"030110","flukt","0","person",1466
"befolkning_innvandringsgrunn",2014,"030110","familie","0","person",1270
"befolkning_innvandringsgrunn",2014,"030110","annet","0","person",157
"befolkning_innvandringsgrunn",2014,"030110","uoppgitt","0","person",1056
"befolkning_innvandringsgrunn",2014,"030111","alle","alle","person",10508
"befolkning_innvandringsgrunn",2014,"030111","arbeid","alle","person",1195
"befolkning_innvandringsgrunn",2014,"030111","flukt","alle","person",3215
"befolkning_innvandringsgrunn",2014,"030111","familie","alle","person",2460
"befolkning_innvandringsgrunn",2014,"030111","annet","alle","person",212
"befolkning_innvandringsgrunn",2014,"030111","uoppgitt","alle","person",3426
"befolkning_innvandringsgrunn",2014,"030111","alle","1","person",5492
"befolkning_innvandringsgrunn",2014,"030111","arbeid","1","person",922
"befolkning_innvandringsgrunn",2014,"030111","flukt","1","person",1469
"befolkning_innvandringsgrunn",2014,"030111","familie","1","person",1039
"befolkning_innvandringsgrunn",2014,"030111","annet","1","person",71
"befolkning_innvandringsgrunn",2014,"030111","uoppgitt","1","person",1991
"befolkning_innvandringsgrunn",2014,"030111","alle","0","person",5016
"befolkning_innvandringsgrunn",2014,"030111","arbeid","0","person",273
"befolkning_innvandringsgrunn",2014,"030111","flukt","0","person",1746
"befolkning_innvandringsgrunn",2014,"030111","familie","0","person",1421
"befolkning_innvandringsgrunn",2014,"030111","annet","0","person",141
"befolkning_innvandringsgrunn",2014,"030111","uoppgitt","0","person",1435
"befolkning_innvandringsgrunn",2014,"030112","alle","alle","person",16192
"befolkning_innvandringsgrunn",2014,"030112","arbeid","alle","person",1783
"befolkning_innvandringsgrunn",2014,"030112","flukt","alle","person",4707
"befolkning_innvandringsgrunn",2014,"030112","familie","alle","person",4011
"befolkning_innvandringsgrunn",2014,"030112","annet","alle","person",487
"befolkning_innvandringsgrunn",2014,"030112","uoppgitt","alle","person",5204
"befolkning_innvandringsgrunn",2014,"030112","alle","1","person",8288
"befolkning_innvandringsgrunn",2014,"030112","arbeid","1","person",1316
"befolkning_innvandringsgrunn",2014,"030112","flukt","1","person",2232
"befolkning_innvandringsgrunn",2014,"030112","familie","1","person",1665
"befolkning_innvandringsgrunn",2014,"030112","annet","1","person",172
"befolkning_innvandringsgrunn",2014,"030112","uoppgitt","1","person",2903
"befolkning_innvandringsgrunn",2014,"030112","alle","0","person",7904
"befolkning_innvandringsgrunn",2014,"030112","arbeid","0","person",467
"befolkning_innvandringsgrunn",2014,"030112","flukt","0","person",2475
"befolkning_innvandringsgrunn",2014,"030112","familie","0","person",2346
"befolkning_innvandringsgrunn",2014,"030112","annet","0","person",315
"befolkning_innvandringsgrunn",2014,"030112","uoppgitt","0","person",2301
"befolkning_innvandringsgrunn",2014,"030113","alle","alle","person",8345
"befolkning_innvandringsgrunn",2014,"030113","arbeid","alle","person",1275
"befolkning_innvandringsgrunn",2014,"030113","flukt","alle","person",2065
"befolkning_innvandringsgrunn",2014,"030113","familie","alle","person",2020
"befolkning_innvandringsgrunn",2014,"030113","annet","alle","person",386
"befolkning_innvandringsgrunn",2014,"030113","uoppgitt","alle","person",2599
"befolkning_innvandringsgrunn",2014,"030113","alle","1","person",4082
"befolkning_innvandringsgrunn",2014,"030113","arbeid","1","person",911
"befolkning_innvandringsgrunn",2014,"030113","flukt","1","person",944
"befolkning_innvandringsgrunn",2014,"030113","familie","1","person",752
"befolkning_innvandringsgrunn",2014,"030113","annet","1","person",127
"befolkning_innvandringsgrunn",2014,"030113","uoppgitt","1","person",1348
"befolkning_innvandringsgrunn",2014,"030113","alle","0","person",4263
"befolkning_innvandringsgrunn",2014,"030113","arbeid","0","person",364
"befolkning_innvandringsgrunn",2014,"030113","flukt","0","person",1121
"befolkning_innvandringsgrunn",2014,"030113","familie","0","person",1268
"befolkning_innvandringsgrunn",2014,"030113","annet","0","person",259
"befolkning_innvandringsgrunn",2014,"030113","uoppgitt","0","person",1251
"befolkning_innvandringsgrunn",2014,"030114","alle","alle","person",6505
"befolkning_innvandringsgrunn",2014,"030114","arbeid","alle","person",1522
"befolkning_innvandringsgrunn",2014,"030114","flukt","alle","person",1036
"befolkning_innvandringsgrunn",2014,"030114","familie","alle","person",1195
"befolkning_innvandringsgrunn",2014,"030114","annet","alle","person",451
"befolkning_innvandringsgrunn",2014,"030114","uoppgitt","alle","person",2301
"befolkning_innvandringsgrunn",2014,"030114","alle","1","person",3235
"befolkning_innvandringsgrunn",2014,"030114","arbeid","1","person",1088
"befolkning_innvandringsgrunn",2014,"030114","flukt","1","person",487
"befolkning_innvandringsgrunn",2014,"030114","familie","1","person",462
"befolkning_innvandringsgrunn",2014,"030114","annet","1","person",96
"befolkning_innvandringsgrunn",2014,"030114","uoppgitt","1","person",1102
"befolkning_innvandringsgrunn",2014,"030114","alle","0","person",3270
"befolkning_innvandringsgrunn",2014,"030114","arbeid","0","person",434
"befolkning_innvandringsgrunn",2014,"030114","flukt","0","person",549
"befolkning_innvandringsgrunn",2014,"030114","familie","0","person",733
"befolkning_innvandringsgrunn",2014,"030114","annet","0","person",355
"befolkning_innvandringsgrunn",2014,"030114","uoppgitt","0","person",1199
"befolkning_innvandringsgrunn",2014,"030115","alle","alle","person",12338
"befolkning_innvandringsgrunn",2014,"030115","arbeid","alle","person",1398
"befolkning_innvandringsgrunn",2014,"030115","flukt","alle","person",2988
"befolkning_innvandringsgrunn",2014,"030115","familie","alle","person",3159
"befolkning_innvandringsgrunn",2014,"030115","annet","alle","person",314
"befolkning_innvandringsgrunn",2014,"030115","uoppgitt","alle","person",4479
"befolkning_innvandringsgrunn",2014,"030115","alle","1","person",6196
"befolkning_innvandringsgrunn",2014,"030115","arbeid","1","person",1077
"befolkning_innvandringsgrunn",2014,"030115","flukt","1","person",1313
"befolkning_innvandringsgrunn",2014,"030115","familie","1","person",1244
"befolkning_innvandringsgrunn",2014,"030115","annet","1","person",114
"befolkning_innvandringsgrunn",2014,"030115","uoppgitt","1","person",2448
"befolkning_innvandringsgrunn",2014,"030115","alle","0","person",6142
"befolkning_innvandringsgrunn",2014,"030115","arbeid","0","person",321
"befolkning_innvandringsgrunn",2014,"030115","flukt","0","person",1675
"befolkning_innvandringsgrunn",2014,"030115","familie","0","person",1915
"befolkning_innvandringsgrunn",2014,"030115","annet","0","person",200
"befolkning_innvandringsgrunn",2014,"030115","uoppgitt","0","person",2031
"befolkning_innvandringsgrunn",2014,"030116","alle","alle","person",484
"befolkning_innvandringsgrunn",2014,"030116","arbeid","alle","person",124
"befolkning_innvandringsgrunn",2014,"030116","flukt","alle","person",68
"befolkning_innvandringsgrunn",2014,"030116","familie","alle","person",52
"befolkning_innvandringsgrunn",2014,"030116","annet","alle","person",47
"befolkning_innvandringsgrunn",2014,"030116","uoppgitt","alle","person",193
"befolkning_innvandringsgrunn",2014,"030116","alle","1","person",308
"befolkning_innvandringsgrunn",2014,"030116","arbeid","1","person",94
"befolkning_innvandringsgrunn",2014,"030116","flukt","1","person",50
"befolkning_innvandringsgrunn",2014,"030116","familie","1","person",24
"befolkning_innvandringsgrunn",2014,"030116","annet","1","person",26
"befolkning_innvandringsgrunn",2014,"030116","uoppgitt","1","person",114
"befolkning_innvandringsgrunn",2014,"030116","alle","0","person",176
"befolkning_innvandringsgrunn",2014,"030116","arbeid","0","person",30
"befolkning_innvandringsgrunn",2014,"030116","flukt","0","person",18
"befolkning_innvandringsgrunn",2014,"030116","familie","0","person",28
"befolkning_innvandringsgrunn",2014,"030116","annet","0","person",21
"befolkning_innvandringsgrunn",2014,"030116","uoppgitt","0","person",79
"befolkning_innvandringsgrunn",2014,"030117","alle","alle","person",153
"befolkning_innvandringsgrunn",2014,"030117","arbeid","alle","person",55
"befolkning_innvandringsgrunn",2014,"030117","flukt","alle","person",5
"befolkning_innvandringsgrunn",2014,"030117","familie","alle","person",26
"befolkning_innvandringsgrunn",2014,"030117","annet","alle","person",14
"befolkning_innvandringsgrunn",2014,"030117","uoppgitt","alle","person",53
"befolkning_innvandringsgrunn",2014,"030117","alle","1","person",81
"befolkning_innvandringsgrunn",2014,"030117","arbeid","1","person",37
"befolkning_innvandringsgrunn",2014,"030117","flukt","1","person",5
"befolkning_innvandringsgrunn",2014,"030117","familie","1","person",9
"befolkning_innvandringsgrunn",2014,"030117","annet","1","person",4
"befolkning_innvandringsgrunn",2014,"030117","uoppgitt","1","person",26
"befolkning_innvandringsgrunn",2014,"030117","alle","0","person",72
"befolkning_innvandringsgrunn",2014,"030117","arbeid","0","person",18
"befolkning_innvandringsgrunn",2014,"030117","flukt","0","person",0
"befolkning_innvandringsgrunn",2014,"030117","familie","0","person",17
"befolkning_innvandringsgrunn",2014,"030117","annet","0","person",10
"befolkning_innvandringsgrunn",2014,"030117","uoppgitt","0","person",27
"befolkning_innvandringsgrunn",2014,"030199","alle","alle","person",2175
"befolkning_innvandringsgrunn",2014,"030199","arbeid","alle","person",994
"befolkning_innvandringsgrunn",2014,"030199","flukt","alle","person",378
"befolkning_innvandringsgrunn",2014,"030199","familie","alle","person",198
"befolkning_innvandringsgrunn",2014,"030199","annet","alle","person",96
"befolkning_innvandringsgrunn",2014,"030199","uoppgitt","alle","person",509
"befolkning_innvandringsgrunn",2014,"030199","alle","1","person",1705
"befolkning_innvandringsgrunn",2014,"030199","arbeid","1","person",889
"befolkning_innvandringsgrunn",2014,"030199","flukt","1","person",272
"befolkning_innvandringsgrunn",2014,"030199","familie","1","person",106
"befolkning_innvandringsgrunn",2014,"030199","annet","1","person",38
"befolkning_innvandringsgrunn",2014,"030199","uoppgitt","1","person",400
"befolkning_innvandringsgrunn",2014,"030199","alle","0","person",470
"befolkning_innvandringsgrunn",2014,"030199","arbeid","0","person",105
"befolkning_innvandringsgrunn",2014,"030199","flukt","0","person",106
"befolkning_innvandringsgrunn",2014,"030199","familie","0","person",92
"befolkning_innvandringsgrunn",2014,"030199","annet","0","person",58
"befolkning_innvandringsgrunn",2014,"030199","uoppgitt","0","person",109
"befolkning_innvandringsgrunn",2014,"030101","alle","alle","prosent",100
"befolkning_innvandringsgrunn",2014,"030101","arbeid","alle","prosent",16.9
"befolkning_innvandringsgrunn",2014,"030101","flukt","alle","prosent",27.5
"befolkning_innvandringsgrunn",2014,"030101","familie","alle","prosent",19.1
"befolkning_innvandringsgrunn",2014,"030101","annet","alle","prosent",4.2
"befolkning_innvandringsgrunn",2014,"030101","uoppgitt","alle","prosent",32.4
"befolkning_innvandringsgrunn",2014,"030101","alle","1","prosent",54.7
"befolkning_innvandringsgrunn",2014,"030101","arbeid","1","prosent",12.2
"befolkning_innvandringsgrunn",2014,"030101","flukt","1","prosent",14.2
"befolkning_innvandringsgrunn",2014,"030101","familie","1","prosent",7.8
"befolkning_innvandringsgrunn",2014,"030101","annet","1","prosent",1.7
"befolkning_innvandringsgrunn",2014,"030101","uoppgitt","1","prosent",18.8
"befolkning_innvandringsgrunn",2014,"030101","alle","0","prosent",45.3
"befolkning_innvandringsgrunn",2014,"030101","arbeid","0","prosent",4.7
"befolkning_innvandringsgrunn",2014,"030101","flukt","0","prosent",13.3
"befolkning_innvandringsgrunn",2014,"030101","familie","0","prosent",11.3
"befolkning_innvandringsgrunn",2014,"030101","annet","0","prosent",2.5
"befolkning_innvandringsgrunn",2014,"030101","uoppgitt","0","prosent",13.6
"befolkning_innvandringsgrunn",2014,"030102","alle","alle","prosent",100
"befolkning_innvandringsgrunn",2014,"030102","arbeid","alle","prosent",22.8
"befolkning_innvandringsgrunn",2014,"030102","flukt","alle","prosent",20.5
"befolkning_innvandringsgrunn",2014,"030102","familie","alle","prosent",17.8
"befolkning_innvandringsgrunn",2014,"030102","annet","alle","prosent",5.5
"befolkning_innvandringsgrunn",2014,"030102","uoppgitt","alle","prosent",33.3
"befolkning_innvandringsgrunn",2014,"030102","alle","1","prosent",56.1
"befolkning_innvandringsgrunn",2014,"030102","arbeid","1","prosent",16.5
"befolkning_innvandringsgrunn",2014,"030102","flukt","1","prosent",11.2
"befolkning_innvandringsgrunn",2014,"030102","familie","1","prosent",7.3
"befolkning_innvandringsgrunn",2014,"030102","annet","1","prosent",2.3
"befolkning_innvandringsgrunn",2014,"030102","uoppgitt","1","prosent",18.9
"befolkning_innvandringsgrunn",2014,"030102","alle","0","prosent",43.9
"befolkning_innvandringsgrunn",2014,"030102","arbeid","0","prosent",6.3
"befolkning_innvandringsgrunn",2014,"030102","flukt","0","prosent",9.3
"befolkning_innvandringsgrunn",2014,"030102","familie","0","prosent",10.5
"befolkning_innvandringsgrunn",2014,"030102","annet","0","prosent",3.2
"befolkning_innvandringsgrunn",2014,"030102","uoppgitt","0","prosent",14.4
"befolkning_innvandringsgrunn",2014,"030103","alle","alle","prosent",100
"befolkning_innvandringsgrunn",2014,"030103","arbeid","alle","prosent",18.3
"befolkning_innvandringsgrunn",2014,"030103","flukt","alle","prosent",23.2
"befolkning_innvandringsgrunn",2014,"030103","familie","alle","prosent",18
"befolkning_innvandringsgrunn",2014,"030103","annet","alle","prosent",6
"befolkning_innvandringsgrunn",2014,"030103","uoppgitt","alle","prosent",34.4
"befolkning_innvandringsgrunn",2014,"030103","alle","1","prosent",53.2
"befolkning_innvandringsgrunn",2014,"030103","arbeid","1","prosent",12.7
"befolkning_innvandringsgrunn",2014,"030103","flukt","1","prosent",11.7
"befolkning_innvandringsgrunn",2014,"030103","familie","1","prosent",7.2
"befolkning_innvandringsgrunn",2014,"030103","annet","1","prosent",2.3
"befolkning_innvandringsgrunn",2014,"030103","uoppgitt","1","prosent",19.3
"befolkning_innvandringsgrunn",2014,"030103","alle","0","prosent",46.8
"befolkning_innvandringsgrunn",2014,"030103","arbeid","0","prosent",5.6
"befolkning_innvandringsgrunn",2014,"030103","flukt","0","prosent",11.6
"befolkning_innvandringsgrunn",2014,"030103","familie","0","prosent",10.8
"befolkning_innvandringsgrunn",2014,"030103","annet","0","prosent",3.7
"befolkning_innvandringsgrunn",2014,"030103","uoppgitt","0","prosent",15.1
"befolkning_innvandringsgrunn",2014,"030104","alle","alle","prosent",100
"befolkning_innvandringsgrunn",2014,"030104","arbeid","alle","prosent",26
"befolkning_innvandringsgrunn",2014,"030104","flukt","alle","prosent",13.8
"befolkning_innvandringsgrunn",2014,"030104","familie","alle","prosent",15.6
"befolkning_innvandringsgrunn",2014,"030104","annet","alle","prosent",7.5
"befolkning_innvandringsgrunn",2014,"030104","uoppgitt","alle","prosent",37.1
"befolkning_innvandringsgrunn",2014,"030104","alle","1","prosent",55.7
"befolkning_innvandringsgrunn",2014,"030104","arbeid","1","prosent",18.6
"befolkning_innvandringsgrunn",2014,"030104","flukt","1","prosent",7.8
"befolkning_innvandringsgrunn",2014,"030104","familie","1","prosent",6.5
"befolkning_innvandringsgrunn",2014,"030104","annet","1","prosent",2.9
"befolkning_innvandringsgrunn",2014,"030104","uoppgitt","1","prosent",20
"befolkning_innvandringsgrunn",2014,"030104","alle","0","prosent",44.3
"befolkning_innvandringsgrunn",2014,"030104","arbeid","0","prosent",7.4
"befolkning_innvandringsgrunn",2014,"030104","flukt","0","prosent",6
"befolkning_innvandringsgrunn",2014,"030104","familie","0","prosent",9.2
"befolkning_innvandringsgrunn",2014,"030104","annet","0","prosent",4.6
"befolkning_innvandringsgrunn",2014,"030104","uoppgitt","0","prosent",17.1
"befolkning_innvandringsgrunn",2014,"030105","alle","alle","prosent",100
"befolkning_innvandringsgrunn",2014,"030105","arbeid","alle","prosent",27
"befolkning_innvandringsgrunn",2014,"030105","flukt","alle","prosent",8.5
"befolkning_innvandringsgrunn",2014,"030105","familie","alle","prosent",17.6
"befolkning_innvandringsgrunn",2014,"030105","annet","alle","prosent",6.3
"befolkning_innvandringsgrunn",2014,"030105","uoppgitt","alle","prosent",40.6
"befolkning_innvandringsgrunn",2014,"030105","alle","1","prosent",51
"befolkning_innvandringsgrunn",2014,"030105","arbeid","1","prosent",18.8
"befolkning_innvandringsgrunn",2014,"030105","flukt","1","prosent",4.4
"befolkning_innvandringsgrunn",2014,"030105","familie","1","prosent",5.8
"befolkning_innvandringsgrunn",2014,"030105","annet","1","prosent",1.8
"befolkning_innvandringsgrunn",2014,"030105","uoppgitt","1","prosent",20.2
"befolkning_innvandringsgrunn",2014,"030105","alle","0","prosent",49
"befolkning_innvandringsgrunn",2014,"030105","arbeid","0","prosent",8.2
"befolkning_innvandringsgrunn",2014,"030105","flukt","0","prosent",4.1
"befolkning_innvandringsgrunn",2014,"030105","familie","0","prosent",11.8
"befolkning_innvandringsgrunn",2014,"030105","annet","0","prosent",4.6
"befolkning_innvandringsgrunn",2014,"030105","uoppgitt","0","prosent",20.4
"befolkning_innvandringsgrunn",2014,"030106","alle","alle","prosent",100
"befolkning_innvandringsgrunn",2014,"030106","arbeid","alle","prosent",26.9
"befolkning_innvandringsgrunn",2014,"030106","flukt","alle","prosent",9.2
"befolkning_innvandringsgrunn",2014,"030106","familie","alle","prosent",18.8
"befolkning_innvandringsgrunn",2014,"030106","annet","alle","prosent",9
"befolkning_innvandringsgrunn",2014,"030106","uoppgitt","alle","prosent",36.1
"befolkning_innvandringsgrunn",2014,"030106","alle","1","prosent",46.8
"befolkning_innvandringsgrunn",2014,"030106","arbeid","1","prosent",18.8
"befolkning_innvandringsgrunn",2014,"030106","flukt","1","prosent",4.3
"befolkning_innvandringsgrunn",2014,"030106","familie","1","prosent",6.1
"befolkning_innvandringsgrunn",2014,"030106","annet","1","prosent",1.5
"befolkning_innvandringsgrunn",2014,"030106","uoppgitt","1","prosent",16
"befolkning_innvandringsgrunn",2014,"030106","alle","0","prosent",53.2
"befolkning_innvandringsgrunn",2014,"030106","arbeid","0","prosent",8.1
"befolkning_innvandringsgrunn",2014,"030106","flukt","0","prosent",4.9
"befolkning_innvandringsgrunn",2014,"030106","familie","0","prosent",12.6
"befolkning_innvandringsgrunn",2014,"030106","annet","0","prosent",7.5
"befolkning_innvandringsgrunn",2014,"030106","uoppgitt","0","prosent",20.1
"befolkning_innvandringsgrunn",2014,"030107","alle","alle","prosent",100
"befolkning_innvandringsgrunn",2014,"030107","arbeid","alle","prosent",25.5
"befolkning_innvandringsgrunn",2014,"030107","flukt","alle","prosent",8.8
"befolkning_innvandringsgrunn",2014,"030107","familie","alle","prosent",18.4
"befolkning_innvandringsgrunn",2014,"030107","annet","alle","prosent",13.1
"befolkning_innvandringsgrunn",2014,"030107","uoppgitt","alle","prosent",34.2
"befolkning_innvandringsgrunn",2014,"030107","alle","1","prosent",44.7
"befolkning_innvandringsgrunn",2014,"030107","arbeid","1","prosent",18.3
"befolkning_innvandringsgrunn",2014,"030107","flukt","1","prosent",3.9
"befolkning_innvandringsgrunn",2014,"030107","familie","1","prosent",5.7
"befolkning_innvandringsgrunn",2014,"030107","annet","1","prosent",1.9
"befolkning_innvandringsgrunn",2014,"030107","uoppgitt","1","prosent",14.9
"befolkning_innvandringsgrunn",2014,"030107","alle","0","prosent",55.3
"befolkning_innvandringsgrunn",2014,"030107","arbeid","0","prosent",7.2
"befolkning_innvandringsgrunn",2014,"030107","flukt","0","prosent",4.8
"befolkning_innvandringsgrunn",2014,"030107","familie","0","prosent",12.7
"befolkning_innvandringsgrunn",2014,"030107","annet","0","prosent",11.2
"befolkning_innvandringsgrunn",2014,"030107","uoppgitt","0","prosent",19.3
"befolkning_innvandringsgrunn",2014,"030108","alle","alle","prosent",100
"befolkning_innvandringsgrunn",2014,"030108","arbeid","alle","prosent",20.4
"befolkning_innvandringsgrunn",2014,"030108","flukt","alle","prosent",12.5
"befolkning_innvandringsgrunn",2014,"030108","familie","alle","prosent",15.4
"befolkning_innvandringsgrunn",2014,"030108","annet","alle","prosent",22.9
"befolkning_innvandringsgrunn",2014,"030108","uoppgitt","alle","prosent",28.8
"befolkning_innvandringsgrunn",2014,"030108","alle","1","prosent",50.3
"befolkning_innvandringsgrunn",2014,"030108","arbeid","1","prosent",14.2
"befolkning_innvandringsgrunn",2014,"030108","flukt","1","prosent",6.4
"befolkning_innvandringsgrunn",2014,"030108","familie","1","prosent",5.6
"befolkning_innvandringsgrunn",2014,"030108","annet","1","prosent",10.1
"befolkning_innvandringsgrunn",2014,"030108","uoppgitt","1","prosent",14
"befolkning_innvandringsgrunn",2014,"030108","alle","0","prosent",49.7
"befolkning_innvandringsgrunn",2014,"030108","arbeid","0","prosent",6.2
"befolkning_innvandringsgrunn",2014,"030108","flukt","0","prosent",6.1
"befolkning_innvandringsgrunn",2014,"030108","familie","0","prosent",9.9
"befolkning_innvandringsgrunn",2014,"030108","annet","0","prosent",12.8
"befolkning_innvandringsgrunn",2014,"030108","uoppgitt","0","prosent",14.8
"befolkning_innvandringsgrunn",2014,"030109","alle","alle","prosent",100
"befolkning_innvandringsgrunn",2014,"030109","arbeid","alle","prosent",18.6
"befolkning_innvandringsgrunn",2014,"030109","flukt","alle","prosent",29.2
"befolkning_innvandringsgrunn",2014,"030109","familie","alle","prosent",21.7
"befolkning_innvandringsgrunn",2014,"030109","annet","alle","prosent",4.5
"befolkning_innvandringsgrunn",2014,"030109","uoppgitt","alle","prosent",26.1
"befolkning_innvandringsgrunn",2014,"030109","alle","1","prosent",54.3
"befolkning_innvandringsgrunn",2014,"030109","arbeid","1","prosent",14
"befolkning_innvandringsgrunn",2014,"030109","flukt","1","prosent",14.3
"befolkning_innvandringsgrunn",2014,"030109","familie","1","prosent",9
"befolkning_innvandringsgrunn",2014,"030109","annet","1","prosent",2
"befolkning_innvandringsgrunn",2014,"030109","uoppgitt","1","prosent",15.1
"befolkning_innvandringsgrunn",2014,"030109","alle","0","prosent",45.7
"befolkning_innvandringsgrunn",2014,"030109","arbeid","0","prosent",4.6
"befolkning_innvandringsgrunn",2014,"030109","flukt","0","prosent",14.9
"befolkning_innvandringsgrunn",2014,"030109","familie","0","prosent",12.7
"befolkning_innvandringsgrunn",2014,"030109","annet","0","prosent",2.4
"befolkning_innvandringsgrunn",2014,"030109","uoppgitt","0","prosent",11
"befolkning_innvandringsgrunn",2014,"030110","alle","alle","prosent",100
"befolkning_innvandringsgrunn",2014,"030110","arbeid","alle","prosent",11.9
"befolkning_innvandringsgrunn",2014,"030110","flukt","alle","prosent",32.1
"befolkning_innvandringsgrunn",2014,"030110","familie","alle","prosent",25.4
"befolkning_innvandringsgrunn",2014,"030110","annet","alle","prosent",2.7
"befolkning_innvandringsgrunn",2014,"030110","uoppgitt","alle","prosent",27.9
"befolkning_innvandringsgrunn",2014,"030110","alle","1","prosent",50.8
"befolkning_innvandringsgrunn",2014,"030110","arbeid","1","prosent",8.4
"befolkning_innvandringsgrunn",2014,"030110","flukt","1","prosent",15.1
"befolkning_innvandringsgrunn",2014,"030110","familie","1","prosent",10.7
"befolkning_innvandringsgrunn",2014,"030110","annet","1","prosent",0.9
"befolkning_innvandringsgrunn",2014,"030110","uoppgitt","1","prosent",15.7
"befolkning_innvandringsgrunn",2014,"030110","alle","0","prosent",49.2
"befolkning_innvandringsgrunn",2014,"030110","arbeid","0","prosent",3.5
"befolkning_innvandringsgrunn",2014,"030110","flukt","0","prosent",17
"befolkning_innvandringsgrunn",2014,"030110","familie","0","prosent",14.7
"befolkning_innvandringsgrunn",2014,"030110","annet","0","prosent",1.8
"befolkning_innvandringsgrunn",2014,"030110","uoppgitt","0","prosent",12.2
"befolkning_innvandringsgrunn",2014,"030111","alle","alle","prosent",100
"befolkning_innvandringsgrunn",2014,"030111","arbeid","alle","prosent",11.4
"befolkning_innvandringsgrunn",2014,"030111","flukt","alle","prosent",30.6
"befolkning_innvandringsgrunn",2014,"030111","familie","alle","prosent",23.4
"befolkning_innvandringsgrunn",2014,"030111","annet","alle","prosent",2
"befolkning_innvandringsgrunn",2014,"030111","uoppgitt","alle","prosent",32.6
"befolkning_innvandringsgrunn",2014,"030111","alle","1","prosent",52.3
"befolkning_innvandringsgrunn",2014,"030111","arbeid","1","prosent",8.8
"befolkning_innvandringsgrunn",2014,"030111","flukt","1","prosent",14
"befolkning_innvandringsgrunn",2014,"030111","familie","1","prosent",9.9
"befolkning_innvandringsgrunn",2014,"030111","annet","1","prosent",0.7
"befolkning_innvandringsgrunn",2014,"030111","uoppgitt","1","prosent",18.9
"befolkning_innvandringsgrunn",2014,"030111","alle","0","prosent",47.7
"befolkning_innvandringsgrunn",2014,"030111","arbeid","0","prosent",2.6
"befolkning_innvandringsgrunn",2014,"030111","flukt","0","prosent",16.6
"befolkning_innvandringsgrunn",2014,"030111","familie","0","prosent",13.5
"befolkning_innvandringsgrunn",2014,"030111","annet","0","prosent",1.3
"befolkning_innvandringsgrunn",2014,"030111","uoppgitt","0","prosent",13.7
"befolkning_innvandringsgrunn",2014,"030112","alle","alle","prosent",100
"befolkning_innvandringsgrunn",2014,"030112","arbeid","alle","prosent",11
"befolkning_innvandringsgrunn",2014,"030112","flukt","alle","prosent",29.1
"befolkning_innvandringsgrunn",2014,"030112","familie","alle","prosent",24.8
"befolkning_innvandringsgrunn",2014,"030112","annet","alle","prosent",3
"befolkning_innvandringsgrunn",2014,"030112","uoppgitt","alle","prosent",32.1
"befolkning_innvandringsgrunn",2014,"030112","alle","1","prosent",51.2
"befolkning_innvandringsgrunn",2014,"030112","arbeid","1","prosent",8.1
"befolkning_innvandringsgrunn",2014,"030112","flukt","1","prosent",13.8
"befolkning_innvandringsgrunn",2014,"030112","familie","1","prosent",10.3
"befolkning_innvandringsgrunn",2014,"030112","annet","1","prosent",1.1
"befolkning_innvandringsgrunn",2014,"030112","uoppgitt","1","prosent",17.9
"befolkning_innvandringsgrunn",2014,"030112","alle","0","prosent",48.8
"befolkning_innvandringsgrunn",2014,"030112","arbeid","0","prosent",2.9
"befolkning_innvandringsgrunn",2014,"030112","flukt","0","prosent",15.3
"befolkning_innvandringsgrunn",2014,"030112","familie","0","prosent",14.5
"befolkning_innvandringsgrunn",2014,"030112","annet","0","prosent",1.9
"befolkning_innvandringsgrunn",2014,"030112","uoppgitt","0","prosent",14.2
"befolkning_innvandringsgrunn",2014,"030113","alle","alle","prosent",100
"befolkning_innvandringsgrunn",2014,"030113","arbeid","alle","prosent",15.3
"befolkning_innvandringsgrunn",2014,"030113","flukt","alle","prosent",24.7
"befolkning_innvandringsgrunn",2014,"030113","familie","alle","prosent",24.2
"befolkning_innvandringsgrunn",2014,"030113","annet","alle","prosent",4.6
"befolkning_innvandringsgrunn",2014,"030113","uoppgitt","alle","prosent",31.1
"befolkning_innvandringsgrunn",2014,"030113","alle","1","prosent",48.9
"befolkning_innvandringsgrunn",2014,"030113","arbeid","1","prosent",10.9
"befolkning_innvandringsgrunn",2014,"030113","flukt","1","prosent",11.3
"befolkning_innvandringsgrunn",2014,"030113","familie","1","prosent",9
"befolkning_innvandringsgrunn",2014,"030113","annet","1","prosent",1.5
"befolkning_innvandringsgrunn",2014,"030113","uoppgitt","1","prosent",16.2
"befolkning_innvandringsgrunn",2014,"030113","alle","0","prosent",51.1
"befolkning_innvandringsgrunn",2014,"030113","arbeid","0","prosent",4.4
"befolkning_innvandringsgrunn",2014,"030113","flukt","0","prosent",13.4
"befolkning_innvandringsgrunn",2014,"030113","familie","0","prosent",15.2
"befolkning_innvandringsgrunn",2014,"030113","annet","0","prosent",3.1
"befolkning_innvandringsgrunn",2014,"030113","uoppgitt","0","prosent",15
"befolkning_innvandringsgrunn",2014,"030114","alle","alle","prosent",100
"befolkning_innvandringsgrunn",2014,"030114","arbeid","alle","prosent",23.4
"befolkning_innvandringsgrunn",2014,"030114","flukt","alle","prosent",15.9
"befolkning_innvandringsgrunn",2014,"030114","familie","alle","prosent",18.4
"befolkning_innvandringsgrunn",2014,"030114","annet","alle","prosent",6.9
"befolkning_innvandringsgrunn",2014,"030114","uoppgitt","alle","prosent",35.4
"befolkning_innvandringsgrunn",2014,"030114","alle","1","prosent",49.7
"befolkning_innvandringsgrunn",2014,"030114","arbeid","1","prosent",16.7
"befolkning_innvandringsgrunn",2014,"030114","flukt","1","prosent",7.5
"befolkning_innvandringsgrunn",2014,"030114","familie","1","prosent",7.1
"befolkning_innvandringsgrunn",2014,"030114","annet","1","prosent",1.5
"befolkning_innvandringsgrunn",2014,"030114","uoppgitt","1","prosent",16.9
"befolkning_innvandringsgrunn",2014,"030114","alle","0","prosent",50.3
"befolkning_innvandringsgrunn",2014,"030114","arbeid","0","prosent",6.7
"befolkning_innvandringsgrunn",2014,"030114","flukt","0","prosent",8.4
"befolkning_innvandringsgrunn",2014,"030114","familie","0","prosent",11.3
"befolkning_innvandringsgrunn",2014,"030114","annet","0","prosent",5.5
"befolkning_innvandringsgrunn",2014,"030114","uoppgitt","0","prosent",18.4
"befolkning_innvandringsgrunn",2014,"030115","alle","alle","prosent",100
"befolkning_innvandringsgrunn",2014,"030115","arbeid","alle","prosent",11.3
"befolkning_innvandringsgrunn",2014,"030115","flukt","alle","prosent",24.2
"befolkning_innvandringsgrunn",2014,"030115","familie","alle","prosent",25.6
"befolkning_innvandringsgrunn",2014,"030115","annet","alle","prosent",2.5
"befolkning_innvandringsgrunn",2014,"030115","uoppgitt","alle","prosent",36.3
"befolkning_innvandringsgrunn",2014,"030115","alle","1","prosent",50.2
"befolkning_innvandringsgrunn",2014,"030115","arbeid","1","prosent",8.7
"befolkning_innvandringsgrunn",2014,"030115","flukt","1","prosent",10.6
"befolkning_innvandringsgrunn",2014,"030115","familie","1","prosent",10.1
"befolkning_innvandringsgrunn",2014,"030115","annet","1","prosent",0.9
"befolkning_innvandringsgrunn",2014,"030115","uoppgitt","1","prosent",19.8
"befolkning_innvandringsgrunn",2014,"030115","alle","0","prosent",49.8
"befolkning_innvandringsgrunn",2014,"030115","arbeid","0","prosent",2.6
"befolkning_innvandringsgrunn",2014,"030115","flukt","0","prosent",13.6
"befolkning_innvandringsgrunn",2014,"030115","familie","0","prosent",15.5
"befolkning_innvandringsgrunn",2014,"030115","annet","0","prosent",1.6
"befolkning_innvandringsgrunn",2014,"030115","uoppgitt","0","prosent",16.5
"befolkning_innvandringsgrunn",2014,"030116","alle","alle","prosent",100
"befolkning_innvandringsgrunn",2014,"030116","arbeid","alle","prosent",25.6
"befolkning_innvandringsgrunn",2014,"030116","flukt","alle","prosent",14
"befolkning_innvandringsgrunn",2014,"030116","familie","alle","prosent",10.7
"befolkning_innvandringsgrunn",2014,"030116","annet","alle","prosent",9.7
"befolkning_innvandringsgrunn",2014,"030116","uoppgitt","alle","prosent",39.9
"befolkning_innvandringsgrunn",2014,"030116","alle","1","prosent",63.6
"befolkning_innvandringsgrunn",2014,"030116","arbeid","1","prosent",19.4
"befolkning_innvandringsgrunn",2014,"030116","flukt","1","prosent",10.3
"befolkning_innvandringsgrunn",2014,"030116","familie","1","prosent",5
"befolkning_innvandringsgrunn",2014,"030116","annet","1","prosent",5.4
"befolkning_innvandringsgrunn",2014,"030116","uoppgitt","1","prosent",23.6
"befolkning_innvandringsgrunn",2014,"030116","alle","0","prosent",36.4
"befolkning_innvandringsgrunn",2014,"030116","arbeid","0","prosent",6.2
"befolkning_innvandringsgrunn",2014,"030116","flukt","0","prosent",3.7
"befolkning_innvandringsgrunn",2014,"030116","familie","0","prosent",5.8
"befolkning_innvandringsgrunn",2014,"030116","annet","0","prosent",4.3
"befolkning_innvandringsgrunn",2014,"030116","uoppgitt","0","prosent",16.3
"befolkning_innvandringsgrunn",2014,"030117","alle","alle","prosent",100
"befolkning_innvandringsgrunn",2014,"030117","arbeid","alle","prosent",35.9
"befolkning_innvandringsgrunn",2014,"030117","flukt","alle","prosent",3.3
"befolkning_innvandringsgrunn",2014,"030117","familie","alle","prosent",17
"befolkning_innvandringsgrunn",2014,"030117","annet","alle","prosent",9.2
"befolkning_innvandringsgrunn",2014,"030117","uoppgitt","alle","prosent",34.6
"befolkning_innvandringsgrunn",2014,"030117","alle","1","prosent",52.9
"befolkning_innvandringsgrunn",2014,"030117","arbeid","1","prosent",24.2
"befolkning_innvandringsgrunn",2014,"030117","flukt","1","prosent",3.3
"befolkning_innvandringsgrunn",2014,"030117","familie","1","prosent",5.9
"befolkning_innvandringsgrunn",2014,"030117","annet","1","prosent",2.6
"befolkning_innvandringsgrunn",2014,"030117","uoppgitt","1","prosent",17
"befolkning_innvandringsgrunn",2014,"030117","alle","0","prosent",47.1
"befolkning_innvandringsgrunn",2014,"030117","arbeid","0","prosent",11.8
"befolkning_innvandringsgrunn",2014,"030117","flukt","0","prosent",0
"befolkning_innvandringsgrunn",2014,"030117","familie","0","prosent",11.1
"befolkning_innvandringsgrunn",2014,"030117","annet","0","prosent",6.5
"befolkning_innvandringsgrunn",2014,"030117","uoppgitt","0","prosent",17.6
"befolkning_innvandringsgrunn",2014,"030199","alle","alle","prosent",100
"befolkning_innvandringsgrunn",2014,"030199","arbeid","alle","prosent",45.7
"befolkning_innvandringsgrunn",2014,"030199","flukt","alle","prosent",17.4
"befolkning_innvandringsgrunn",2014,"030199","familie","alle","prosent",9.1
"befolkning_innvandringsgrunn",2014,"030199","annet","alle","prosent",4.4
"befolkning_innvandringsgrunn",2014,"030199","uoppgitt","alle","prosent",23.4
"befolkning_innvandringsgrunn",2014,"030199","alle","1","prosent",78.4
"befolkning_innvandringsgrunn",2014,"030199","arbeid","1","prosent",40.9
"befolkning_innvandringsgrunn",2014,"030199","flukt","1","prosent",12.5
"befolkning_innvandringsgrunn",2014,"030199","familie","1","prosent",4.9
"befolkning_innvandringsgrunn",2014,"030199","annet","1","prosent",1.7
"befolkning_innvandringsgrunn",2014,"030199","uoppgitt","1","prosent",18.4
"befolkning_innvandringsgrunn",2014,"030199","alle","0","prosent",21.6
"befolkning_innvandringsgrunn",2014,"030199","arbeid","0","prosent",4.8
"befolkning_innvandringsgrunn",2014,"030199","flukt","0","prosent",4.9
"befolkning_innvandringsgrunn",2014,"030199","familie","0","prosent",4.2
"befolkning_innvandringsgrunn",2014,"030199","annet","0","prosent",2.7
"befolkning_innvandringsgrunn",2014,"030199","uoppgitt","0","prosent",5
