"naringsregion_nr","bosetting","enhet","aar","tabellvariabel","tabell_navn"
"01","anmodning","personer","2016","70","bosatt_anmodede"
"02","anmodning","personer","2016","225","bosatt_anmodede"
"03","anmodning","personer","2016","145","bosatt_anmodede"
"04","anmodning","personer","2016","340","bosatt_anmodede"
"05","anmodning","personer","2016","415","bosatt_anmodede"
"06","anmodning","personer","2016","340","bosatt_anmodede"
"07","anmodning","personer","2016","405","bosatt_anmodede"
"08","anmodning","personer","2016","250","bosatt_anmodede"
"09","anmodning","personer","2016","1000","bosatt_anmodede"
"10","anmodning","personer","2016","104","bosatt_anmodede"
"11","anmodning","personer","2016","195","bosatt_anmodede"
"12","anmodning","personer","2016","320","bosatt_anmodede"
"13","anmodning","personer","2016","141","bosatt_anmodede"
"14","anmodning","personer","2016","255","bosatt_anmodede"
"15","anmodning","personer","2016","115","bosatt_anmodede"
"16","anmodning","personer","2016","145","bosatt_anmodede"
"17","anmodning","personer","2016","57","bosatt_anmodede"
"18","anmodning","personer","2016","103","bosatt_anmodede"
"19","anmodning","personer","2016","100","bosatt_anmodede"
"20","anmodning","personer","2016","650","bosatt_anmodede"
"21","anmodning","personer","2016","100","bosatt_anmodede"
"22","anmodning","personer","2016","140","bosatt_anmodede"
"23","anmodning","personer","2016","82","bosatt_anmodede"
"24","anmodning","personer","2016","125","bosatt_anmodede"
"25","anmodning","personer","2016","435","bosatt_anmodede"
"26","anmodning","personer","2016","245","bosatt_anmodede"
"27","anmodning","personer","2016","435","bosatt_anmodede"
"28","anmodning","personer","2016","100","bosatt_anmodede"
"29","anmodning","personer","2016","115","bosatt_anmodede"
"30","anmodning","personer","2016","105","bosatt_anmodede"
"31","anmodning","personer","2016","70","bosatt_anmodede"
"32","anmodning","personer","2016","415","bosatt_anmodede"
"33","anmodning","personer","2016","250","bosatt_anmodede"
"34","anmodning","personer","2016","165","bosatt_anmodede"
"35","anmodning","personer","2016","535","bosatt_anmodede"
"36","anmodning","personer","2016","125","bosatt_anmodede"
"37","anmodning","personer","2016","354","bosatt_anmodede"
"38","anmodning","personer","2016","145","bosatt_anmodede"
"39","anmodning","personer","2016","922","bosatt_anmodede"
"40","anmodning","personer","2016","720","bosatt_anmodede"
"41","anmodning","personer","2016","120","bosatt_anmodede"
"42","anmodning","personer","2016","175","bosatt_anmodede"
"43","anmodning","personer","2016","60","bosatt_anmodede"
"44","anmodning","personer","2016","158","bosatt_anmodede"
"45","anmodning","personer","2016","65","bosatt_anmodede"
"46","anmodning","personer","2016","269","bosatt_anmodede"
"47","anmodning","personer","2016","225","bosatt_anmodede"
"48","anmodning","personer","2016","95","bosatt_anmodede"
"49","anmodning","personer","2016","205","bosatt_anmodede"
"50","anmodning","personer","2016","205","bosatt_anmodede"
"51","anmodning","personer","2016","180","bosatt_anmodede"
"52","anmodning","personer","2016","277","bosatt_anmodede"
"53","anmodning","personer","2016","235","bosatt_anmodede"
"54","anmodning","personer","2016","78","bosatt_anmodede"
"55","anmodning","personer","2016","206","bosatt_anmodede"
"56","anmodning","personer","2016","282","bosatt_anmodede"
"57","anmodning","personer","2016","119","bosatt_anmodede"
"58","anmodning","personer","2016","40","bosatt_anmodede"
"59","anmodning","personer","2016","44","bosatt_anmodede"
"60","anmodning","personer","2016","102","bosatt_anmodede"
"61","anmodning","personer","2016","856","bosatt_anmodede"
"62","anmodning","personer","2016","49","bosatt_anmodede"
"63","anmodning","personer","2016","114","bosatt_anmodede"
"64","anmodning","personer","2016","251","bosatt_anmodede"
"65","anmodning","personer","2016","84","bosatt_anmodede"
"66","anmodning","personer","2016","86","bosatt_anmodede"
"67","anmodning","personer","2016","104","bosatt_anmodede"
"68","anmodning","personer","2016","130","bosatt_anmodede"
"69","anmodning","personer","2016","140","bosatt_anmodede"
"70","anmodning","personer","2016","55","bosatt_anmodede"
"71","anmodning","personer","2016","95","bosatt_anmodede"
"72","anmodning","personer","2016","140","bosatt_anmodede"
"73","anmodning","personer","2016","380","bosatt_anmodede"
"74","anmodning","personer","2016","180","bosatt_anmodede"
"75","anmodning","personer","2016","190","bosatt_anmodede"
"76","anmodning","personer","2016","221","bosatt_anmodede"
"77","anmodning","personer","2016","210","bosatt_anmodede"
"78","anmodning","personer","2016","191","bosatt_anmodede"
"79","anmodning","personer","2016","230","bosatt_anmodede"
"80","anmodning","personer","2016","110","bosatt_anmodede"
"81","anmodning","personer","2016","247","bosatt_anmodede"
"82","anmodning","personer","2016","100","bosatt_anmodede"
"83","anmodning","personer","2016","265","bosatt_anmodede"
"99","anmodning","personer","2016","0","bosatt_anmodede"
"01","vedtak","personer","2016","57","bosatt_anmodede"
"02","vedtak","personer","2016","165","bosatt_anmodede"
"03","vedtak","personer","2016","142","bosatt_anmodede"
"04","vedtak","personer","2016","325","bosatt_anmodede"
"05","vedtak","personer","2016","415","bosatt_anmodede"
"06","vedtak","personer","2016","330","bosatt_anmodede"
"07","vedtak","personer","2016","381","bosatt_anmodede"
"08","vedtak","personer","2016","204","bosatt_anmodede"
"09","vedtak","personer","2016","1000","bosatt_anmodede"
"10","vedtak","personer","2016","99","bosatt_anmodede"
"11","vedtak","personer","2016","120","bosatt_anmodede"
"12","vedtak","personer","2016","189","bosatt_anmodede"
"13","vedtak","personer","2016","102","bosatt_anmodede"
"14","vedtak","personer","2016","193","bosatt_anmodede"
"15","vedtak","personer","2016","110","bosatt_anmodede"
"16","vedtak","personer","2016","120","bosatt_anmodede"
"17","vedtak","personer","2016","56","bosatt_anmodede"
"18","vedtak","personer","2016","87","bosatt_anmodede"
"19","vedtak","personer","2016","55","bosatt_anmodede"
"20","vedtak","personer","2016","455","bosatt_anmodede"
"21","vedtak","personer","2016","88","bosatt_anmodede"
"22","vedtak","personer","2016","123","bosatt_anmodede"
"23","vedtak","personer","2016","50","bosatt_anmodede"
"24","vedtak","personer","2016","120","bosatt_anmodede"
"25","vedtak","personer","2016","393","bosatt_anmodede"
"26","vedtak","personer","2016","230","bosatt_anmodede"
"27","vedtak","personer","2016","441","bosatt_anmodede"
"28","vedtak","personer","2016","100","bosatt_anmodede"
"29","vedtak","personer","2016","78","bosatt_anmodede"
"30","vedtak","personer","2016","78","bosatt_anmodede"
"31","vedtak","personer","2016","58","bosatt_anmodede"
"32","vedtak","personer","2016","375","bosatt_anmodede"
"33","vedtak","personer","2016","218","bosatt_anmodede"
"34","vedtak","personer","2016","145","bosatt_anmodede"
"35","vedtak","personer","2016","439","bosatt_anmodede"
"36","vedtak","personer","2016","80","bosatt_anmodede"
"37","vedtak","personer","2016","288","bosatt_anmodede"
"38","vedtak","personer","2016","109","bosatt_anmodede"
"39","vedtak","personer","2016","801","bosatt_anmodede"
"40","vedtak","personer","2016","720","bosatt_anmodede"
"41","vedtak","personer","2016","85","bosatt_anmodede"
"42","vedtak","personer","2016","113","bosatt_anmodede"
"43","vedtak","personer","2016","50","bosatt_anmodede"
"44","vedtak","personer","2016","91","bosatt_anmodede"
"45","vedtak","personer","2016","50","bosatt_anmodede"
"46","vedtak","personer","2016","229","bosatt_anmodede"
"47","vedtak","personer","2016","153","bosatt_anmodede"
"48","vedtak","personer","2016","70","bosatt_anmodede"
"49","vedtak","personer","2016","180","bosatt_anmodede"
"50","vedtak","personer","2016","178","bosatt_anmodede"
"51","vedtak","personer","2016","132","bosatt_anmodede"
"52","vedtak","personer","2016","207","bosatt_anmodede"
"53","vedtak","personer","2016","198","bosatt_anmodede"
"54","vedtak","personer","2016","57","bosatt_anmodede"
"55","vedtak","personer","2016","145","bosatt_anmodede"
"56","vedtak","personer","2016","205","bosatt_anmodede"
"57","vedtak","personer","2016","76","bosatt_anmodede"
"58","vedtak","personer","2016","25","bosatt_anmodede"
"59","vedtak","personer","2016","44","bosatt_anmodede"
"60","vedtak","personer","2016","56","bosatt_anmodede"
"61","vedtak","personer","2016","816","bosatt_anmodede"
"62","vedtak","personer","2016","41","bosatt_anmodede"
"63","vedtak","personer","2016","80","bosatt_anmodede"
"64","vedtak","personer","2016","201","bosatt_anmodede"
"65","vedtak","personer","2016","79","bosatt_anmodede"
"66","vedtak","personer","2016","73","bosatt_anmodede"
"67","vedtak","personer","2016","98","bosatt_anmodede"
"68","vedtak","personer","2016","80","bosatt_anmodede"
"69","vedtak","personer","2016","102","bosatt_anmodede"
"70","vedtak","personer","2016","10","bosatt_anmodede"
"71","vedtak","personer","2016","40","bosatt_anmodede"
"72","vedtak","personer","2016","85","bosatt_anmodede"
"73","vedtak","personer","2016","295","bosatt_anmodede"
"74","vedtak","personer","2016","95","bosatt_anmodede"
"75","vedtak","personer","2016","123","bosatt_anmodede"
"76","vedtak","personer","2016","96","bosatt_anmodede"
"77","vedtak","personer","2016","202","bosatt_anmodede"
"78","vedtak","personer","2016","171","bosatt_anmodede"
"79","vedtak","personer","2016","225","bosatt_anmodede"
"80","vedtak","personer","2016","60","bosatt_anmodede"
"81","vedtak","personer","2016","142","bosatt_anmodede"
"82","vedtak","personer","2016","70","bosatt_anmodede"
"83","vedtak","personer","2016","217","bosatt_anmodede"
"99","vedtak","personer","2016","0","bosatt_anmodede"
"01","bosatt","personer","2016",".","bosatt_anmodede"
"02","bosatt","personer","2016",".","bosatt_anmodede"
"03","bosatt","personer","2016",".","bosatt_anmodede"
"04","bosatt","personer","2016",".","bosatt_anmodede"
"05","bosatt","personer","2016",".","bosatt_anmodede"
"06","bosatt","personer","2016",".","bosatt_anmodede"
"07","bosatt","personer","2016",".","bosatt_anmodede"
"08","bosatt","personer","2016",".","bosatt_anmodede"
"09","bosatt","personer","2016",".","bosatt_anmodede"
"10","bosatt","personer","2016",".","bosatt_anmodede"
"11","bosatt","personer","2016",".","bosatt_anmodede"
"12","bosatt","personer","2016",".","bosatt_anmodede"
"13","bosatt","personer","2016",".","bosatt_anmodede"
"14","bosatt","personer","2016",".","bosatt_anmodede"
"15","bosatt","personer","2016",".","bosatt_anmodede"
"16","bosatt","personer","2016",".","bosatt_anmodede"
"17","bosatt","personer","2016",".","bosatt_anmodede"
"18","bosatt","personer","2016",".","bosatt_anmodede"
"19","bosatt","personer","2016",".","bosatt_anmodede"
"20","bosatt","personer","2016",".","bosatt_anmodede"
"21","bosatt","personer","2016",".","bosatt_anmodede"
"22","bosatt","personer","2016",".","bosatt_anmodede"
"23","bosatt","personer","2016",".","bosatt_anmodede"
"24","bosatt","personer","2016",".","bosatt_anmodede"
"25","bosatt","personer","2016",".","bosatt_anmodede"
"26","bosatt","personer","2016",".","bosatt_anmodede"
"27","bosatt","personer","2016",".","bosatt_anmodede"
"28","bosatt","personer","2016",".","bosatt_anmodede"
"29","bosatt","personer","2016",".","bosatt_anmodede"
"30","bosatt","personer","2016",".","bosatt_anmodede"
"31","bosatt","personer","2016",".","bosatt_anmodede"
"32","bosatt","personer","2016",".","bosatt_anmodede"
"33","bosatt","personer","2016",".","bosatt_anmodede"
"34","bosatt","personer","2016",".","bosatt_anmodede"
"35","bosatt","personer","2016",".","bosatt_anmodede"
"36","bosatt","personer","2016",".","bosatt_anmodede"
"37","bosatt","personer","2016",".","bosatt_anmodede"
"38","bosatt","personer","2016",".","bosatt_anmodede"
"39","bosatt","personer","2016",".","bosatt_anmodede"
"40","bosatt","personer","2016",".","bosatt_anmodede"
"41","bosatt","personer","2016",".","bosatt_anmodede"
"42","bosatt","personer","2016",".","bosatt_anmodede"
"43","bosatt","personer","2016",".","bosatt_anmodede"
"44","bosatt","personer","2016",".","bosatt_anmodede"
"45","bosatt","personer","2016",".","bosatt_anmodede"
"46","bosatt","personer","2016",".","bosatt_anmodede"
"47","bosatt","personer","2016",".","bosatt_anmodede"
"48","bosatt","personer","2016",".","bosatt_anmodede"
"49","bosatt","personer","2016",".","bosatt_anmodede"
"50","bosatt","personer","2016",".","bosatt_anmodede"
"51","bosatt","personer","2016",".","bosatt_anmodede"
"52","bosatt","personer","2016",".","bosatt_anmodede"
"53","bosatt","personer","2016",".","bosatt_anmodede"
"54","bosatt","personer","2016",".","bosatt_anmodede"
"55","bosatt","personer","2016",".","bosatt_anmodede"
"56","bosatt","personer","2016",".","bosatt_anmodede"
"57","bosatt","personer","2016",".","bosatt_anmodede"
"58","bosatt","personer","2016",".","bosatt_anmodede"
"59","bosatt","personer","2016",".","bosatt_anmodede"
"60","bosatt","personer","2016",".","bosatt_anmodede"
"61","bosatt","personer","2016",".","bosatt_anmodede"
"62","bosatt","personer","2016",".","bosatt_anmodede"
"63","bosatt","personer","2016",".","bosatt_anmodede"
"64","bosatt","personer","2016",".","bosatt_anmodede"
"65","bosatt","personer","2016",".","bosatt_anmodede"
"66","bosatt","personer","2016",".","bosatt_anmodede"
"67","bosatt","personer","2016",".","bosatt_anmodede"
"68","bosatt","personer","2016",".","bosatt_anmodede"
"69","bosatt","personer","2016",".","bosatt_anmodede"
"70","bosatt","personer","2016",".","bosatt_anmodede"
"71","bosatt","personer","2016",".","bosatt_anmodede"
"72","bosatt","personer","2016",".","bosatt_anmodede"
"73","bosatt","personer","2016",".","bosatt_anmodede"
"74","bosatt","personer","2016",".","bosatt_anmodede"
"75","bosatt","personer","2016",".","bosatt_anmodede"
"76","bosatt","personer","2016",".","bosatt_anmodede"
"77","bosatt","personer","2016",".","bosatt_anmodede"
"78","bosatt","personer","2016",".","bosatt_anmodede"
"79","bosatt","personer","2016",".","bosatt_anmodede"
"80","bosatt","personer","2016",".","bosatt_anmodede"
"81","bosatt","personer","2016",".","bosatt_anmodede"
"82","bosatt","personer","2016",".","bosatt_anmodede"
"83","bosatt","personer","2016",".","bosatt_anmodede"
"99","bosatt","personer","2016",".","bosatt_anmodede"
"01","anmodning","prosent","2016","100","bosatt_anmodede"
"02","anmodning","prosent","2016","100","bosatt_anmodede"
"03","anmodning","prosent","2016","100","bosatt_anmodede"
"04","anmodning","prosent","2016","100","bosatt_anmodede"
"05","anmodning","prosent","2016","100","bosatt_anmodede"
"06","anmodning","prosent","2016","100","bosatt_anmodede"
"07","anmodning","prosent","2016","100","bosatt_anmodede"
"08","anmodning","prosent","2016","100","bosatt_anmodede"
"09","anmodning","prosent","2016","100","bosatt_anmodede"
"10","anmodning","prosent","2016","100","bosatt_anmodede"
"11","anmodning","prosent","2016","100","bosatt_anmodede"
"12","anmodning","prosent","2016","100","bosatt_anmodede"
"13","anmodning","prosent","2016","100","bosatt_anmodede"
"14","anmodning","prosent","2016","100","bosatt_anmodede"
"15","anmodning","prosent","2016","100","bosatt_anmodede"
"16","anmodning","prosent","2016","100","bosatt_anmodede"
"17","anmodning","prosent","2016","100","bosatt_anmodede"
"18","anmodning","prosent","2016","100","bosatt_anmodede"
"19","anmodning","prosent","2016","100","bosatt_anmodede"
"20","anmodning","prosent","2016","100","bosatt_anmodede"
"21","anmodning","prosent","2016","100","bosatt_anmodede"
"22","anmodning","prosent","2016","100","bosatt_anmodede"
"23","anmodning","prosent","2016","100","bosatt_anmodede"
"24","anmodning","prosent","2016","100","bosatt_anmodede"
"25","anmodning","prosent","2016","100","bosatt_anmodede"
"26","anmodning","prosent","2016","100","bosatt_anmodede"
"27","anmodning","prosent","2016","100","bosatt_anmodede"
"28","anmodning","prosent","2016","100","bosatt_anmodede"
"29","anmodning","prosent","2016","100","bosatt_anmodede"
"30","anmodning","prosent","2016","100","bosatt_anmodede"
"31","anmodning","prosent","2016","100","bosatt_anmodede"
"32","anmodning","prosent","2016","100","bosatt_anmodede"
"33","anmodning","prosent","2016","100","bosatt_anmodede"
"34","anmodning","prosent","2016","100","bosatt_anmodede"
"35","anmodning","prosent","2016","100","bosatt_anmodede"
"36","anmodning","prosent","2016","100","bosatt_anmodede"
"37","anmodning","prosent","2016","100","bosatt_anmodede"
"38","anmodning","prosent","2016","100","bosatt_anmodede"
"39","anmodning","prosent","2016","100","bosatt_anmodede"
"40","anmodning","prosent","2016","100","bosatt_anmodede"
"41","anmodning","prosent","2016","100","bosatt_anmodede"
"42","anmodning","prosent","2016","100","bosatt_anmodede"
"43","anmodning","prosent","2016","100","bosatt_anmodede"
"44","anmodning","prosent","2016","100","bosatt_anmodede"
"45","anmodning","prosent","2016","100","bosatt_anmodede"
"46","anmodning","prosent","2016","100","bosatt_anmodede"
"47","anmodning","prosent","2016","100","bosatt_anmodede"
"48","anmodning","prosent","2016","100","bosatt_anmodede"
"49","anmodning","prosent","2016","100","bosatt_anmodede"
"50","anmodning","prosent","2016","100","bosatt_anmodede"
"51","anmodning","prosent","2016","100","bosatt_anmodede"
"52","anmodning","prosent","2016","100","bosatt_anmodede"
"53","anmodning","prosent","2016","100","bosatt_anmodede"
"54","anmodning","prosent","2016","100","bosatt_anmodede"
"55","anmodning","prosent","2016","100","bosatt_anmodede"
"56","anmodning","prosent","2016","100","bosatt_anmodede"
"57","anmodning","prosent","2016","100","bosatt_anmodede"
"58","anmodning","prosent","2016","100","bosatt_anmodede"
"59","anmodning","prosent","2016","100","bosatt_anmodede"
"60","anmodning","prosent","2016","100","bosatt_anmodede"
"61","anmodning","prosent","2016","100","bosatt_anmodede"
"62","anmodning","prosent","2016","100","bosatt_anmodede"
"63","anmodning","prosent","2016","100","bosatt_anmodede"
"64","anmodning","prosent","2016","100","bosatt_anmodede"
"65","anmodning","prosent","2016","100","bosatt_anmodede"
"66","anmodning","prosent","2016","100","bosatt_anmodede"
"67","anmodning","prosent","2016","100","bosatt_anmodede"
"68","anmodning","prosent","2016","100","bosatt_anmodede"
"69","anmodning","prosent","2016","100","bosatt_anmodede"
"70","anmodning","prosent","2016","100","bosatt_anmodede"
"71","anmodning","prosent","2016","100","bosatt_anmodede"
"72","anmodning","prosent","2016","100","bosatt_anmodede"
"73","anmodning","prosent","2016","100","bosatt_anmodede"
"74","anmodning","prosent","2016","100","bosatt_anmodede"
"75","anmodning","prosent","2016","100","bosatt_anmodede"
"76","anmodning","prosent","2016","100","bosatt_anmodede"
"77","anmodning","prosent","2016","100","bosatt_anmodede"
"78","anmodning","prosent","2016","100","bosatt_anmodede"
"79","anmodning","prosent","2016","100","bosatt_anmodede"
"80","anmodning","prosent","2016","100","bosatt_anmodede"
"81","anmodning","prosent","2016","100","bosatt_anmodede"
"82","anmodning","prosent","2016","100","bosatt_anmodede"
"83","anmodning","prosent","2016","100","bosatt_anmodede"
"99","anmodning","prosent","2016",".","bosatt_anmodede"
"01","vedtak","prosent","2016","81.4285714285714","bosatt_anmodede"
"02","vedtak","prosent","2016","73.3333333333333","bosatt_anmodede"
"03","vedtak","prosent","2016","97.9310344827586","bosatt_anmodede"
"04","vedtak","prosent","2016","95.5882352941177","bosatt_anmodede"
"05","vedtak","prosent","2016","100","bosatt_anmodede"
"06","vedtak","prosent","2016","97.0588235294118","bosatt_anmodede"
"07","vedtak","prosent","2016","94.0740740740741","bosatt_anmodede"
"08","vedtak","prosent","2016","81.6","bosatt_anmodede"
"09","vedtak","prosent","2016","100","bosatt_anmodede"
"10","vedtak","prosent","2016","95.1923076923077","bosatt_anmodede"
"11","vedtak","prosent","2016","61.5384615384615","bosatt_anmodede"
"12","vedtak","prosent","2016","59.0625","bosatt_anmodede"
"13","vedtak","prosent","2016","72.3404255319149","bosatt_anmodede"
"14","vedtak","prosent","2016","75.6862745098039","bosatt_anmodede"
"15","vedtak","prosent","2016","95.6521739130435","bosatt_anmodede"
"16","vedtak","prosent","2016","82.7586206896552","bosatt_anmodede"
"17","vedtak","prosent","2016","98.2456140350877","bosatt_anmodede"
"18","vedtak","prosent","2016","84.4660194174757","bosatt_anmodede"
"19","vedtak","prosent","2016","55","bosatt_anmodede"
"20","vedtak","prosent","2016","70","bosatt_anmodede"
"21","vedtak","prosent","2016","88","bosatt_anmodede"
"22","vedtak","prosent","2016","87.8571428571429","bosatt_anmodede"
"23","vedtak","prosent","2016","60.9756097560976","bosatt_anmodede"
"24","vedtak","prosent","2016","96","bosatt_anmodede"
"25","vedtak","prosent","2016","90.3448275862069","bosatt_anmodede"
"26","vedtak","prosent","2016","93.8775510204082","bosatt_anmodede"
"27","vedtak","prosent","2016","101.379310344828","bosatt_anmodede"
"28","vedtak","prosent","2016","100","bosatt_anmodede"
"29","vedtak","prosent","2016","67.8260869565217","bosatt_anmodede"
"30","vedtak","prosent","2016","74.2857142857143","bosatt_anmodede"
"31","vedtak","prosent","2016","82.8571428571429","bosatt_anmodede"
"32","vedtak","prosent","2016","90.3614457831325","bosatt_anmodede"
"33","vedtak","prosent","2016","87.2","bosatt_anmodede"
"34","vedtak","prosent","2016","87.8787878787879","bosatt_anmodede"
"35","vedtak","prosent","2016","82.0560747663551","bosatt_anmodede"
"36","vedtak","prosent","2016","64","bosatt_anmodede"
"37","vedtak","prosent","2016","81.3559322033898","bosatt_anmodede"
"38","vedtak","prosent","2016","75.1724137931034","bosatt_anmodede"
"39","vedtak","prosent","2016","86.8763557483731","bosatt_anmodede"
"40","vedtak","prosent","2016","100","bosatt_anmodede"
"41","vedtak","prosent","2016","70.8333333333333","bosatt_anmodede"
"42","vedtak","prosent","2016","64.5714285714286","bosatt_anmodede"
"43","vedtak","prosent","2016","83.3333333333333","bosatt_anmodede"
"44","vedtak","prosent","2016","57.5949367088608","bosatt_anmodede"
"45","vedtak","prosent","2016","76.9230769230769","bosatt_anmodede"
"46","vedtak","prosent","2016","85.1301115241636","bosatt_anmodede"
"47","vedtak","prosent","2016","68","bosatt_anmodede"
"48","vedtak","prosent","2016","73.6842105263158","bosatt_anmodede"
"49","vedtak","prosent","2016","87.8048780487805","bosatt_anmodede"
"50","vedtak","prosent","2016","86.8292682926829","bosatt_anmodede"
"51","vedtak","prosent","2016","73.3333333333333","bosatt_anmodede"
"52","vedtak","prosent","2016","74.7292418772563","bosatt_anmodede"
"53","vedtak","prosent","2016","84.2553191489362","bosatt_anmodede"
"54","vedtak","prosent","2016","73.0769230769231","bosatt_anmodede"
"55","vedtak","prosent","2016","70.3883495145631","bosatt_anmodede"
"56","vedtak","prosent","2016","72.6950354609929","bosatt_anmodede"
"57","vedtak","prosent","2016","63.8655462184874","bosatt_anmodede"
"58","vedtak","prosent","2016","62.5","bosatt_anmodede"
"59","vedtak","prosent","2016","100","bosatt_anmodede"
"60","vedtak","prosent","2016","54.9019607843137","bosatt_anmodede"
"61","vedtak","prosent","2016","95.3271028037383","bosatt_anmodede"
"62","vedtak","prosent","2016","83.6734693877551","bosatt_anmodede"
"63","vedtak","prosent","2016","70.1754385964912","bosatt_anmodede"
"64","vedtak","prosent","2016","80.0796812749004","bosatt_anmodede"
"65","vedtak","prosent","2016","94.0476190476191","bosatt_anmodede"
"66","vedtak","prosent","2016","84.8837209302326","bosatt_anmodede"
"67","vedtak","prosent","2016","94.2307692307692","bosatt_anmodede"
"68","vedtak","prosent","2016","61.5384615384615","bosatt_anmodede"
"69","vedtak","prosent","2016","72.8571428571428","bosatt_anmodede"
"70","vedtak","prosent","2016","18.1818181818182","bosatt_anmodede"
"71","vedtak","prosent","2016","42.1052631578947","bosatt_anmodede"
"72","vedtak","prosent","2016","60.7142857142857","bosatt_anmodede"
"73","vedtak","prosent","2016","77.6315789473684","bosatt_anmodede"
"74","vedtak","prosent","2016","52.7777777777778","bosatt_anmodede"
"75","vedtak","prosent","2016","64.7368421052632","bosatt_anmodede"
"76","vedtak","prosent","2016","43.4389140271493","bosatt_anmodede"
"77","vedtak","prosent","2016","96.1904761904762","bosatt_anmodede"
"78","vedtak","prosent","2016","89.5287958115183","bosatt_anmodede"
"79","vedtak","prosent","2016","97.8260869565217","bosatt_anmodede"
"80","vedtak","prosent","2016","54.5454545454545","bosatt_anmodede"
"81","vedtak","prosent","2016","57.4898785425101","bosatt_anmodede"
"82","vedtak","prosent","2016","70","bosatt_anmodede"
"83","vedtak","prosent","2016","81.8867924528302","bosatt_anmodede"
"99","vedtak","prosent","2016",".","bosatt_anmodede"
"01","bosatt","prosent","2016",".","bosatt_anmodede"
"02","bosatt","prosent","2016",".","bosatt_anmodede"
"03","bosatt","prosent","2016",".","bosatt_anmodede"
"04","bosatt","prosent","2016",".","bosatt_anmodede"
"05","bosatt","prosent","2016",".","bosatt_anmodede"
"06","bosatt","prosent","2016",".","bosatt_anmodede"
"07","bosatt","prosent","2016",".","bosatt_anmodede"
"08","bosatt","prosent","2016",".","bosatt_anmodede"
"09","bosatt","prosent","2016",".","bosatt_anmodede"
"10","bosatt","prosent","2016",".","bosatt_anmodede"
"11","bosatt","prosent","2016",".","bosatt_anmodede"
"12","bosatt","prosent","2016",".","bosatt_anmodede"
"13","bosatt","prosent","2016",".","bosatt_anmodede"
"14","bosatt","prosent","2016",".","bosatt_anmodede"
"15","bosatt","prosent","2016",".","bosatt_anmodede"
"16","bosatt","prosent","2016",".","bosatt_anmodede"
"17","bosatt","prosent","2016",".","bosatt_anmodede"
"18","bosatt","prosent","2016",".","bosatt_anmodede"
"19","bosatt","prosent","2016",".","bosatt_anmodede"
"20","bosatt","prosent","2016",".","bosatt_anmodede"
"21","bosatt","prosent","2016",".","bosatt_anmodede"
"22","bosatt","prosent","2016",".","bosatt_anmodede"
"23","bosatt","prosent","2016",".","bosatt_anmodede"
"24","bosatt","prosent","2016",".","bosatt_anmodede"
"25","bosatt","prosent","2016",".","bosatt_anmodede"
"26","bosatt","prosent","2016",".","bosatt_anmodede"
"27","bosatt","prosent","2016",".","bosatt_anmodede"
"28","bosatt","prosent","2016",".","bosatt_anmodede"
"29","bosatt","prosent","2016",".","bosatt_anmodede"
"30","bosatt","prosent","2016",".","bosatt_anmodede"
"31","bosatt","prosent","2016",".","bosatt_anmodede"
"32","bosatt","prosent","2016",".","bosatt_anmodede"
"33","bosatt","prosent","2016",".","bosatt_anmodede"
"34","bosatt","prosent","2016",".","bosatt_anmodede"
"35","bosatt","prosent","2016",".","bosatt_anmodede"
"36","bosatt","prosent","2016",".","bosatt_anmodede"
"37","bosatt","prosent","2016",".","bosatt_anmodede"
"38","bosatt","prosent","2016",".","bosatt_anmodede"
"39","bosatt","prosent","2016",".","bosatt_anmodede"
"40","bosatt","prosent","2016",".","bosatt_anmodede"
"41","bosatt","prosent","2016",".","bosatt_anmodede"
"42","bosatt","prosent","2016",".","bosatt_anmodede"
"43","bosatt","prosent","2016",".","bosatt_anmodede"
"44","bosatt","prosent","2016",".","bosatt_anmodede"
"45","bosatt","prosent","2016",".","bosatt_anmodede"
"46","bosatt","prosent","2016",".","bosatt_anmodede"
"47","bosatt","prosent","2016",".","bosatt_anmodede"
"48","bosatt","prosent","2016",".","bosatt_anmodede"
"49","bosatt","prosent","2016",".","bosatt_anmodede"
"50","bosatt","prosent","2016",".","bosatt_anmodede"
"51","bosatt","prosent","2016",".","bosatt_anmodede"
"52","bosatt","prosent","2016",".","bosatt_anmodede"
"53","bosatt","prosent","2016",".","bosatt_anmodede"
"54","bosatt","prosent","2016",".","bosatt_anmodede"
"55","bosatt","prosent","2016",".","bosatt_anmodede"
"56","bosatt","prosent","2016",".","bosatt_anmodede"
"57","bosatt","prosent","2016",".","bosatt_anmodede"
"58","bosatt","prosent","2016",".","bosatt_anmodede"
"59","bosatt","prosent","2016",".","bosatt_anmodede"
"60","bosatt","prosent","2016",".","bosatt_anmodede"
"61","bosatt","prosent","2016",".","bosatt_anmodede"
"62","bosatt","prosent","2016",".","bosatt_anmodede"
"63","bosatt","prosent","2016",".","bosatt_anmodede"
"64","bosatt","prosent","2016",".","bosatt_anmodede"
"65","bosatt","prosent","2016",".","bosatt_anmodede"
"66","bosatt","prosent","2016",".","bosatt_anmodede"
"67","bosatt","prosent","2016",".","bosatt_anmodede"
"68","bosatt","prosent","2016",".","bosatt_anmodede"
"69","bosatt","prosent","2016",".","bosatt_anmodede"
"70","bosatt","prosent","2016",".","bosatt_anmodede"
"71","bosatt","prosent","2016",".","bosatt_anmodede"
"72","bosatt","prosent","2016",".","bosatt_anmodede"
"73","bosatt","prosent","2016",".","bosatt_anmodede"
"74","bosatt","prosent","2016",".","bosatt_anmodede"
"75","bosatt","prosent","2016",".","bosatt_anmodede"
"76","bosatt","prosent","2016",".","bosatt_anmodede"
"77","bosatt","prosent","2016",".","bosatt_anmodede"
"78","bosatt","prosent","2016",".","bosatt_anmodede"
"79","bosatt","prosent","2016",".","bosatt_anmodede"
"80","bosatt","prosent","2016",".","bosatt_anmodede"
"81","bosatt","prosent","2016",".","bosatt_anmodede"
"82","bosatt","prosent","2016",".","bosatt_anmodede"
"83","bosatt","prosent","2016",".","bosatt_anmodede"
"99","bosatt","prosent","2016",".","bosatt_anmodede"
