tabell_navn;aar;bydel_nr;kjonn;innvkat_5;vreg_3;invalder_3;enhet;tabellvariabel
grunnskolepoeng;2014-2015;030101;alle;alle;NULL;NULL;grunnskolepoeng;38,2
grunnskolepoeng;2014-2015;030101;alle;alle;NULL;NULL;person;227
grunnskolepoeng;2014-2015;030101;alle;bef_u_innv_og_norskf;NULL;NULL;grunnskolepoeng;43
grunnskolepoeng;2014-2015;030101;alle;bef_u_innv_og_norskf;NULL;NULL;person;91
grunnskolepoeng;2014-2015;030101;alle;befolkningen_ellers;NULL;NULL;grunnskolepoeng;39,4
grunnskolepoeng;2014-2015;030101;alle;befolkningen_ellers;NULL;NULL;person;179
grunnskolepoeng;2014-2015;030101;alle;innvandrere;1;0_6;grunnskolepoeng;39
grunnskolepoeng;2014-2015;030101;alle;innvandrere;1;0_6;person;3
grunnskolepoeng;2014-2015;030101;alle;innvandrere;1;7+;grunnskolepoeng;33,4
grunnskolepoeng;2014-2015;030101;alle;innvandrere;1;7+;person;7
grunnskolepoeng;2014-2015;030101;alle;innvandrere;1;alle;grunnskolepoeng;35
grunnskolepoeng;2014-2015;030101;alle;innvandrere;1;alle;person;10
grunnskolepoeng;2014-2015;030101;alle;innvandrere;2;0_6;grunnskolepoeng;36,6
grunnskolepoeng;2014-2015;030101;alle;innvandrere;2;0_6;person;18
grunnskolepoeng;2014-2015;030101;alle;innvandrere;2;7+;grunnskolepoeng;31
grunnskolepoeng;2014-2015;030101;alle;innvandrere;2;7+;person;20
grunnskolepoeng;2014-2015;030101;alle;innvandrere;2;alle;grunnskolepoeng;33,6
grunnskolepoeng;2014-2015;030101;alle;innvandrere;2;alle;person;38
grunnskolepoeng;2014-2015;030101;alle;innvandrere;alle;0_6;grunnskolepoeng;37
grunnskolepoeng;2014-2015;030101;alle;innvandrere;alle;0_6;person;21
grunnskolepoeng;2014-2015;030101;alle;innvandrere;alle;7+;grunnskolepoeng;31,6
grunnskolepoeng;2014-2015;030101;alle;innvandrere;alle;7+;person;27
grunnskolepoeng;2014-2015;030101;alle;innvandrere;alle;alle;grunnskolepoeng;34
grunnskolepoeng;2014-2015;030101;alle;innvandrere;alle;alle;person;48
grunnskolepoeng;2014-2015;030101;alle;norskfodte_m_innvf;NULL;NULL;grunnskolepoeng;35,8
grunnskolepoeng;2014-2015;030101;alle;norskfodte_m_innvf;NULL;NULL;person;88
grunnskolepoeng;2014-2015;030101;1;alle;NULL;NULL;grunnskolepoeng;37,8
grunnskolepoeng;2014-2015;030101;1;alle;NULL;NULL;person;120
grunnskolepoeng;2014-2015;030101;1;bef_u_innv_og_norskf;NULL;NULL;grunnskolepoeng;42,4
grunnskolepoeng;2014-2015;030101;1;bef_u_innv_og_norskf;NULL;NULL;person;53
grunnskolepoeng;2014-2015;030101;1;befolkningen_ellers;NULL;NULL;grunnskolepoeng;38,8
grunnskolepoeng;2014-2015;030101;1;befolkningen_ellers;NULL;NULL;person;93
grunnskolepoeng;2014-2015;030101;1;innvandrere;1;0_6;grunnskolepoeng;37
grunnskolepoeng;2014-2015;030101;1;innvandrere;1;0_6;person;3
grunnskolepoeng;2014-2015;030101;1;innvandrere;1;7+;grunnskolepoeng;32,2
grunnskolepoeng;2014-2015;030101;1;innvandrere;1;7+;person;4
grunnskolepoeng;2014-2015;030101;1;innvandrere;1;alle;grunnskolepoeng;33,8
grunnskolepoeng;2014-2015;030101;1;innvandrere;1;alle;person;6
grunnskolepoeng;2014-2015;030101;1;innvandrere;2;0_6;grunnskolepoeng;36
grunnskolepoeng;2014-2015;030101;1;innvandrere;2;0_6;person;9
grunnskolepoeng;2014-2015;030101;1;innvandrere;2;7+;grunnskolepoeng;33,8
grunnskolepoeng;2014-2015;030101;1;innvandrere;2;7+;person;12
grunnskolepoeng;2014-2015;030101;1;innvandrere;2;alle;grunnskolepoeng;34,8
grunnskolepoeng;2014-2015;030101;1;innvandrere;2;alle;person;21
grunnskolepoeng;2014-2015;030101;1;innvandrere;alle;0_6;grunnskolepoeng;36,2
grunnskolepoeng;2014-2015;030101;1;innvandrere;alle;0_6;person;11
grunnskolepoeng;2014-2015;030101;1;innvandrere;alle;7+;grunnskolepoeng;33,4
grunnskolepoeng;2014-2015;030101;1;innvandrere;alle;7+;person;16
grunnskolepoeng;2014-2015;030101;1;innvandrere;alle;alle;grunnskolepoeng;34,6
grunnskolepoeng;2014-2015;030101;1;innvandrere;alle;alle;person;27
grunnskolepoeng;2014-2015;030101;1;norskfodte_m_innvf;NULL;NULL;grunnskolepoeng;33,8
grunnskolepoeng;2014-2015;030101;1;norskfodte_m_innvf;NULL;NULL;person;40
grunnskolepoeng;2014-2015;030101;0;alle;NULL;NULL;grunnskolepoeng;38,8
grunnskolepoeng;2014-2015;030101;0;alle;NULL;NULL;person;107
grunnskolepoeng;2014-2015;030101;0;bef_u_innv_og_norskf;NULL;NULL;grunnskolepoeng;43,8
grunnskolepoeng;2014-2015;030101;0;bef_u_innv_og_norskf;NULL;NULL;person;38
grunnskolepoeng;2014-2015;030101;0;befolkningen_ellers;NULL;NULL;grunnskolepoeng;40,2
grunnskolepoeng;2014-2015;030101;0;befolkningen_ellers;NULL;NULL;person;86
grunnskolepoeng;2014-2015;030101;0;innvandrere;1;0_6;grunnskolepoeng;0
grunnskolepoeng;2014-2015;030101;0;innvandrere;1;0_6;person;0
grunnskolepoeng;2014-2015;030101;0;innvandrere;1;7+;grunnskolepoeng;35,2
grunnskolepoeng;2014-2015;030101;0;innvandrere;1;7+;person;3
grunnskolepoeng;2014-2015;030101;0;innvandrere;1;alle;grunnskolepoeng;37
grunnskolepoeng;2014-2015;030101;0;innvandrere;1;alle;person;4
grunnskolepoeng;2014-2015;030101;0;innvandrere;2;0_6;grunnskolepoeng;37,4
grunnskolepoeng;2014-2015;030101;0;innvandrere;2;0_6;person;9
grunnskolepoeng;2014-2015;030101;0;innvandrere;2;7+;grunnskolepoeng;26,8
grunnskolepoeng;2014-2015;030101;0;innvandrere;2;7+;person;8
grunnskolepoeng;2014-2015;030101;0;innvandrere;2;alle;grunnskolepoeng;32,4
grunnskolepoeng;2014-2015;030101;0;innvandrere;2;alle;person;17
grunnskolepoeng;2014-2015;030101;0;innvandrere;alle;0_6;grunnskolepoeng;38
grunnskolepoeng;2014-2015;030101;0;innvandrere;alle;0_6;person;10
grunnskolepoeng;2014-2015;030101;0;innvandrere;alle;7+;grunnskolepoeng;29
grunnskolepoeng;2014-2015;030101;0;innvandrere;alle;7+;person;11
grunnskolepoeng;2014-2015;030101;0;innvandrere;alle;alle;grunnskolepoeng;33,2
grunnskolepoeng;2014-2015;030101;0;innvandrere;alle;alle;person;21
grunnskolepoeng;2014-2015;030101;0;norskfodte_m_innvf;NULL;NULL;grunnskolepoeng;37,2
grunnskolepoeng;2014-2015;030101;0;norskfodte_m_innvf;NULL;NULL;person;48
grunnskolepoeng;2014-2015;030102;alle;alle;NULL;NULL;grunnskolepoeng;39
grunnskolepoeng;2014-2015;030102;alle;alle;NULL;NULL;person;189
grunnskolepoeng;2014-2015;030102;alle;bef_u_innv_og_norskf;NULL;NULL;grunnskolepoeng;42
grunnskolepoeng;2014-2015;030102;alle;bef_u_innv_og_norskf;NULL;NULL;person;112
grunnskolepoeng;2014-2015;030102;alle;befolkningen_ellers;NULL;NULL;grunnskolepoeng;41,2
grunnskolepoeng;2014-2015;030102;alle;befolkningen_ellers;NULL;NULL;person;141
grunnskolepoeng;2014-2015;030102;alle;innvandrere;1;0_6;grunnskolepoeng;24
grunnskolepoeng;2014-2015;030102;alle;innvandrere;1;0_6;person;3
grunnskolepoeng;2014-2015;030102;alle;innvandrere;1;7+;grunnskolepoeng;33,4
grunnskolepoeng;2014-2015;030102;alle;innvandrere;1;7+;person;17
grunnskolepoeng;2014-2015;030102;alle;innvandrere;1;alle;grunnskolepoeng;32
grunnskolepoeng;2014-2015;030102;alle;innvandrere;1;alle;person;20
grunnskolepoeng;2014-2015;030102;alle;innvandrere;2;0_6;grunnskolepoeng;31,8
grunnskolepoeng;2014-2015;030102;alle;innvandrere;2;0_6;person;10
grunnskolepoeng;2014-2015;030102;alle;innvandrere;2;7+;grunnskolepoeng;33,8
grunnskolepoeng;2014-2015;030102;alle;innvandrere;2;7+;person;18
grunnskolepoeng;2014-2015;030102;alle;innvandrere;2;alle;grunnskolepoeng;33
grunnskolepoeng;2014-2015;030102;alle;innvandrere;2;alle;person;28
grunnskolepoeng;2014-2015;030102;alle;innvandrere;alle;0_6;grunnskolepoeng;30
grunnskolepoeng;2014-2015;030102;alle;innvandrere;alle;0_6;person;13
grunnskolepoeng;2014-2015;030102;alle;innvandrere;alle;7+;grunnskolepoeng;33,6
grunnskolepoeng;2014-2015;030102;alle;innvandrere;alle;7+;person;35
grunnskolepoeng;2014-2015;030102;alle;innvandrere;alle;alle;grunnskolepoeng;32,6
grunnskolepoeng;2014-2015;030102;alle;innvandrere;alle;alle;person;48
grunnskolepoeng;2014-2015;030102;alle;norskfodte_m_innvf;NULL;NULL;grunnskolepoeng;38,2
grunnskolepoeng;2014-2015;030102;alle;norskfodte_m_innvf;NULL;NULL;person;29
grunnskolepoeng;2014-2015;030102;1;alle;NULL;NULL;grunnskolepoeng;38,6
grunnskolepoeng;2014-2015;030102;1;alle;NULL;NULL;person;102
grunnskolepoeng;2014-2015;030102;1;bef_u_innv_og_norskf;NULL;NULL;grunnskolepoeng;42
grunnskolepoeng;2014-2015;030102;1;bef_u_innv_og_norskf;NULL;NULL;person;59
grunnskolepoeng;2014-2015;030102;1;befolkningen_ellers;NULL;NULL;grunnskolepoeng;40,8
grunnskolepoeng;2014-2015;030102;1;befolkningen_ellers;NULL;NULL;person;72
grunnskolepoeng;2014-2015;030102;1;innvandrere;1;0_6;grunnskolepoeng;27,8
grunnskolepoeng;2014-2015;030102;1;innvandrere;1;0_6;person;3
grunnskolepoeng;2014-2015;030102;1;innvandrere;1;7+;grunnskolepoeng;33,8
grunnskolepoeng;2014-2015;030102;1;innvandrere;1;7+;person;13
grunnskolepoeng;2014-2015;030102;1;innvandrere;1;alle;grunnskolepoeng;33
grunnskolepoeng;2014-2015;030102;1;innvandrere;1;alle;person;15
grunnskolepoeng;2014-2015;030102;1;innvandrere;2;0_6;grunnskolepoeng;34,2
grunnskolepoeng;2014-2015;030102;1;innvandrere;2;0_6;person;5
grunnskolepoeng;2014-2015;030102;1;innvandrere;2;7+;grunnskolepoeng;32
grunnskolepoeng;2014-2015;030102;1;innvandrere;2;7+;person;10
grunnskolepoeng;2014-2015;030102;1;innvandrere;2;alle;grunnskolepoeng;32,8
grunnskolepoeng;2014-2015;030102;1;innvandrere;2;alle;person;15
grunnskolepoeng;2014-2015;030102;1;innvandrere;alle;0_6;grunnskolepoeng;32,4
grunnskolepoeng;2014-2015;030102;1;innvandrere;alle;0_6;person;7
grunnskolepoeng;2014-2015;030102;1;innvandrere;alle;7+;grunnskolepoeng;33
grunnskolepoeng;2014-2015;030102;1;innvandrere;alle;7+;person;23
grunnskolepoeng;2014-2015;030102;1;innvandrere;alle;alle;grunnskolepoeng;33
grunnskolepoeng;2014-2015;030102;1;innvandrere;alle;alle;person;30
grunnskolepoeng;2014-2015;030102;1;norskfodte_m_innvf;NULL;NULL;grunnskolepoeng;35,6
grunnskolepoeng;2014-2015;030102;1;norskfodte_m_innvf;NULL;NULL;person;13
grunnskolepoeng;2014-2015;030102;0;alle;NULL;NULL;grunnskolepoeng;39,8
grunnskolepoeng;2014-2015;030102;0;alle;NULL;NULL;person;87
grunnskolepoeng;2014-2015;030102;0;bef_u_innv_og_norskf;NULL;NULL;grunnskolepoeng;42,2
grunnskolepoeng;2014-2015;030102;0;bef_u_innv_og_norskf;NULL;NULL;person;53
grunnskolepoeng;2014-2015;030102;0;befolkningen_ellers;NULL;NULL;grunnskolepoeng;41,8
grunnskolepoeng;2014-2015;030102;0;befolkningen_ellers;NULL;NULL;person;69
grunnskolepoeng;2014-2015;030102;0;innvandrere;1;0_6;grunnskolepoeng;0
grunnskolepoeng;2014-2015;030102;0;innvandrere;1;0_6;person;0
grunnskolepoeng;2014-2015;030102;0;innvandrere;1;7+;grunnskolepoeng;31,8
grunnskolepoeng;2014-2015;030102;0;innvandrere;1;7+;person;4
grunnskolepoeng;2014-2015;030102;0;innvandrere;1;alle;grunnskolepoeng;28,8
grunnskolepoeng;2014-2015;030102;0;innvandrere;1;alle;person;5
grunnskolepoeng;2014-2015;030102;0;innvandrere;2;0_6;grunnskolepoeng;29,2
grunnskolepoeng;2014-2015;030102;0;innvandrere;2;0_6;person;5
grunnskolepoeng;2014-2015;030102;0;innvandrere;2;7+;grunnskolepoeng;35,8
grunnskolepoeng;2014-2015;030102;0;innvandrere;2;7+;person;8
grunnskolepoeng;2014-2015;030102;0;innvandrere;2;alle;grunnskolepoeng;33,4
grunnskolepoeng;2014-2015;030102;0;innvandrere;2;alle;person;13
grunnskolepoeng;2014-2015;030102;0;innvandrere;alle;0_6;grunnskolepoeng;27,2
grunnskolepoeng;2014-2015;030102;0;innvandrere;alle;0_6;person;6
grunnskolepoeng;2014-2015;030102;0;innvandrere;alle;7+;grunnskolepoeng;34,4
grunnskolepoeng;2014-2015;030102;0;innvandrere;alle;7+;person;12
grunnskolepoeng;2014-2015;030102;0;innvandrere;alle;alle;grunnskolepoeng;32
grunnskolepoeng;2014-2015;030102;0;innvandrere;alle;alle;person;18
grunnskolepoeng;2014-2015;030102;0;norskfodte_m_innvf;NULL;NULL;grunnskolepoeng;40,2
grunnskolepoeng;2014-2015;030102;0;norskfodte_m_innvf;NULL;NULL;person;16
grunnskolepoeng;2014-2015;030103;alle;alle;NULL;NULL;grunnskolepoeng;39
grunnskolepoeng;2014-2015;030103;alle;alle;NULL;NULL;person;120
grunnskolepoeng;2014-2015;030103;alle;bef_u_innv_og_norskf;NULL;NULL;grunnskolepoeng;43,4
grunnskolepoeng;2014-2015;030103;alle;bef_u_innv_og_norskf;NULL;NULL;person;70
grunnskolepoeng;2014-2015;030103;alle;befolkningen_ellers;NULL;NULL;grunnskolepoeng;41,8
grunnskolepoeng;2014-2015;030103;alle;befolkningen_ellers;NULL;NULL;person;92
grunnskolepoeng;2014-2015;030103;alle;innvandrere;1;0_6;grunnskolepoeng;0
grunnskolepoeng;2014-2015;030103;alle;innvandrere;1;0_6;person;0
grunnskolepoeng;2014-2015;030103;alle;innvandrere;1;7+;grunnskolepoeng;28,8
grunnskolepoeng;2014-2015;030103;alle;innvandrere;1;7+;person;6
grunnskolepoeng;2014-2015;030103;alle;innvandrere;1;alle;grunnskolepoeng;28,8
grunnskolepoeng;2014-2015;030103;alle;innvandrere;1;alle;person;6
grunnskolepoeng;2014-2015;030103;alle;innvandrere;2;0_6;grunnskolepoeng;36,4
grunnskolepoeng;2014-2015;030103;alle;innvandrere;2;0_6;person;6
grunnskolepoeng;2014-2015;030103;alle;innvandrere;2;7+;grunnskolepoeng;28,2
grunnskolepoeng;2014-2015;030103;alle;innvandrere;2;7+;person;16
grunnskolepoeng;2014-2015;030103;alle;innvandrere;2;alle;grunnskolepoeng;30,4
grunnskolepoeng;2014-2015;030103;alle;innvandrere;2;alle;person;22
grunnskolepoeng;2014-2015;030103;alle;innvandrere;alle;0_6;grunnskolepoeng;36,4
grunnskolepoeng;2014-2015;030103;alle;innvandrere;alle;0_6;person;6
grunnskolepoeng;2014-2015;030103;alle;innvandrere;alle;7+;grunnskolepoeng;28,4
grunnskolepoeng;2014-2015;030103;alle;innvandrere;alle;7+;person;22
grunnskolepoeng;2014-2015;030103;alle;innvandrere;alle;alle;grunnskolepoeng;30
grunnskolepoeng;2014-2015;030103;alle;innvandrere;alle;alle;person;28
grunnskolepoeng;2014-2015;030103;alle;norskfodte_m_innvf;NULL;NULL;grunnskolepoeng;36,4
grunnskolepoeng;2014-2015;030103;alle;norskfodte_m_innvf;NULL;NULL;person;22
grunnskolepoeng;2014-2015;030103;1;alle;NULL;NULL;grunnskolepoeng;38,2
grunnskolepoeng;2014-2015;030103;1;alle;NULL;NULL;person;73
grunnskolepoeng;2014-2015;030103;1;bef_u_innv_og_norskf;NULL;NULL;grunnskolepoeng;41,8
grunnskolepoeng;2014-2015;030103;1;bef_u_innv_og_norskf;NULL;NULL;person;44
grunnskolepoeng;2014-2015;030103;1;befolkningen_ellers;NULL;NULL;grunnskolepoeng;40,8
grunnskolepoeng;2014-2015;030103;1;befolkningen_ellers;NULL;NULL;person;56
grunnskolepoeng;2014-2015;030103;1;innvandrere;1;0_6;grunnskolepoeng;0
grunnskolepoeng;2014-2015;030103;1;innvandrere;1;0_6;person;0
grunnskolepoeng;2014-2015;030103;1;innvandrere;1;7+;grunnskolepoeng;27,8
grunnskolepoeng;2014-2015;030103;1;innvandrere;1;7+;person;5
grunnskolepoeng;2014-2015;030103;1;innvandrere;1;alle;grunnskolepoeng;27,8
grunnskolepoeng;2014-2015;030103;1;innvandrere;1;alle;person;5
grunnskolepoeng;2014-2015;030103;1;innvandrere;2;0_6;grunnskolepoeng;40,4
grunnskolepoeng;2014-2015;030103;1;innvandrere;2;0_6;person;3
grunnskolepoeng;2014-2015;030103;1;innvandrere;2;7+;grunnskolepoeng;28,6
grunnskolepoeng;2014-2015;030103;1;innvandrere;2;7+;person;10
grunnskolepoeng;2014-2015;030103;1;innvandrere;2;alle;grunnskolepoeng;30,6
grunnskolepoeng;2014-2015;030103;1;innvandrere;2;alle;person;12
grunnskolepoeng;2014-2015;030103;1;innvandrere;alle;0_6;grunnskolepoeng;40,4
grunnskolepoeng;2014-2015;030103;1;innvandrere;alle;0_6;person;3
grunnskolepoeng;2014-2015;030103;1;innvandrere;alle;7+;grunnskolepoeng;28,4
grunnskolepoeng;2014-2015;030103;1;innvandrere;alle;7+;person;15
grunnskolepoeng;2014-2015;030103;1;innvandrere;alle;alle;grunnskolepoeng;29,8
grunnskolepoeng;2014-2015;030103;1;innvandrere;alle;alle;person;17
grunnskolepoeng;2014-2015;030103;1;norskfodte_m_innvf;NULL;NULL;grunnskolepoeng;37
grunnskolepoeng;2014-2015;030103;1;norskfodte_m_innvf;NULL;NULL;person;12
grunnskolepoeng;2014-2015;030103;0;alle;NULL;NULL;grunnskolepoeng;40,4
grunnskolepoeng;2014-2015;030103;0;alle;NULL;NULL;person;47
grunnskolepoeng;2014-2015;030103;0;bef_u_innv_og_norskf;NULL;NULL;grunnskolepoeng;46,2
grunnskolepoeng;2014-2015;030103;0;bef_u_innv_og_norskf;NULL;NULL;person;26
grunnskolepoeng;2014-2015;030103;0;befolkningen_ellers;NULL;NULL;grunnskolepoeng;43,2
grunnskolepoeng;2014-2015;030103;0;befolkningen_ellers;NULL;NULL;person;36
grunnskolepoeng;2014-2015;030103;0;innvandrere;1;0_6;grunnskolepoeng;0
grunnskolepoeng;2014-2015;030103;0;innvandrere;1;0_6;person;0
grunnskolepoeng;2014-2015;030103;0;innvandrere;1;7+;grunnskolepoeng;0
grunnskolepoeng;2014-2015;030103;0;innvandrere;1;7+;person;0
grunnskolepoeng;2014-2015;030103;0;innvandrere;1;alle;grunnskolepoeng;0
grunnskolepoeng;2014-2015;030103;0;innvandrere;1;alle;person;0
grunnskolepoeng;2014-2015;030103;0;innvandrere;2;0_6;grunnskolepoeng;34,4
grunnskolepoeng;2014-2015;030103;0;innvandrere;2;0_6;person;4
grunnskolepoeng;2014-2015;030103;0;innvandrere;2;7+;grunnskolepoeng;27,6
grunnskolepoeng;2014-2015;030103;0;innvandrere;2;7+;person;6
grunnskolepoeng;2014-2015;030103;0;innvandrere;2;alle;grunnskolepoeng;30,2
grunnskolepoeng;2014-2015;030103;0;innvandrere;2;alle;person;10
grunnskolepoeng;2014-2015;030103;0;innvandrere;alle;0_6;grunnskolepoeng;34,4
grunnskolepoeng;2014-2015;030103;0;innvandrere;alle;0_6;person;4
grunnskolepoeng;2014-2015;030103;0;innvandrere;alle;7+;grunnskolepoeng;28,4
grunnskolepoeng;2014-2015;030103;0;innvandrere;alle;7+;person;7
grunnskolepoeng;2014-2015;030103;0;innvandrere;alle;alle;grunnskolepoeng;30,6
grunnskolepoeng;2014-2015;030103;0;innvandrere;alle;alle;person;11
grunnskolepoeng;2014-2015;030103;0;norskfodte_m_innvf;NULL;NULL;grunnskolepoeng;35,6
grunnskolepoeng;2014-2015;030103;0;norskfodte_m_innvf;NULL;NULL;person;10
grunnskolepoeng;2014-2015;030104;alle;alle;NULL;NULL;grunnskolepoeng;41,6
grunnskolepoeng;2014-2015;030104;alle;alle;NULL;NULL;person;140
grunnskolepoeng;2014-2015;030104;alle;bef_u_innv_og_norskf;NULL;NULL;grunnskolepoeng;44
grunnskolepoeng;2014-2015;030104;alle;bef_u_innv_og_norskf;NULL;NULL;person;105
grunnskolepoeng;2014-2015;030104;alle;befolkningen_ellers;NULL;NULL;grunnskolepoeng;43,4
grunnskolepoeng;2014-2015;030104;alle;befolkningen_ellers;NULL;NULL;person;117
grunnskolepoeng;2014-2015;030104;alle;innvandrere;1;0_6;grunnskolepoeng;0
grunnskolepoeng;2014-2015;030104;alle;innvandrere;1;0_6;person;0
grunnskolepoeng;2014-2015;030104;alle;innvandrere;1;7+;grunnskolepoeng;40,6
grunnskolepoeng;2014-2015;030104;alle;innvandrere;1;7+;person;3
grunnskolepoeng;2014-2015;030104;alle;innvandrere;1;alle;grunnskolepoeng;38
grunnskolepoeng;2014-2015;030104;alle;innvandrere;1;alle;person;4
grunnskolepoeng;2014-2015;030104;alle;innvandrere;2;0_6;grunnskolepoeng;34,8
grunnskolepoeng;2014-2015;030104;alle;innvandrere;2;0_6;person;6
grunnskolepoeng;2014-2015;030104;alle;innvandrere;2;7+;grunnskolepoeng;28,4
grunnskolepoeng;2014-2015;030104;alle;innvandrere;2;7+;person;13
grunnskolepoeng;2014-2015;030104;alle;innvandrere;2;alle;grunnskolepoeng;30,4
grunnskolepoeng;2014-2015;030104;alle;innvandrere;2;alle;person;19
grunnskolepoeng;2014-2015;030104;alle;innvandrere;alle;0_6;grunnskolepoeng;34
grunnskolepoeng;2014-2015;030104;alle;innvandrere;alle;0_6;person;7
grunnskolepoeng;2014-2015;030104;alle;innvandrere;alle;7+;grunnskolepoeng;30,6
grunnskolepoeng;2014-2015;030104;alle;innvandrere;alle;7+;person;16
grunnskolepoeng;2014-2015;030104;alle;innvandrere;alle;alle;grunnskolepoeng;31,6
grunnskolepoeng;2014-2015;030104;alle;innvandrere;alle;alle;person;23
grunnskolepoeng;2014-2015;030104;alle;norskfodte_m_innvf;NULL;NULL;grunnskolepoeng;39
grunnskolepoeng;2014-2015;030104;alle;norskfodte_m_innvf;NULL;NULL;person;12
grunnskolepoeng;2014-2015;030104;1;alle;NULL;NULL;grunnskolepoeng;40,2
grunnskolepoeng;2014-2015;030104;1;alle;NULL;NULL;person;69
grunnskolepoeng;2014-2015;030104;1;bef_u_innv_og_norskf;NULL;NULL;grunnskolepoeng;42,2
grunnskolepoeng;2014-2015;030104;1;bef_u_innv_og_norskf;NULL;NULL;person;51
grunnskolepoeng;2014-2015;030104;1;befolkningen_ellers;NULL;NULL;grunnskolepoeng;42
grunnskolepoeng;2014-2015;030104;1;befolkningen_ellers;NULL;NULL;person;58
grunnskolepoeng;2014-2015;030104;1;innvandrere;1;0_6;grunnskolepoeng;0
grunnskolepoeng;2014-2015;030104;1;innvandrere;1;0_6;person;0
grunnskolepoeng;2014-2015;030104;1;innvandrere;1;7+;grunnskolepoeng;33
grunnskolepoeng;2014-2015;030104;1;innvandrere;1;7+;person;3
grunnskolepoeng;2014-2015;030104;1;innvandrere;1;alle;grunnskolepoeng;32
grunnskolepoeng;2014-2015;030104;1;innvandrere;1;alle;person;3
grunnskolepoeng;2014-2015;030104;1;innvandrere;2;0_6;grunnskolepoeng;39,4
grunnskolepoeng;2014-2015;030104;1;innvandrere;2;0_6;person;3
grunnskolepoeng;2014-2015;030104;1;innvandrere;2;7+;grunnskolepoeng;29,2
grunnskolepoeng;2014-2015;030104;1;innvandrere;2;7+;person;7
grunnskolepoeng;2014-2015;030104;1;innvandrere;2;alle;grunnskolepoeng;30,4
grunnskolepoeng;2014-2015;030104;1;innvandrere;2;alle;person;8
grunnskolepoeng;2014-2015;030104;1;innvandrere;alle;0_6;grunnskolepoeng;34,8
grunnskolepoeng;2014-2015;030104;1;innvandrere;alle;0_6;person;3
grunnskolepoeng;2014-2015;030104;1;innvandrere;alle;7+;grunnskolepoeng;30
grunnskolepoeng;2014-2015;030104;1;innvandrere;alle;7+;person;9
grunnskolepoeng;2014-2015;030104;1;innvandrere;alle;alle;grunnskolepoeng;30,8
grunnskolepoeng;2014-2015;030104;1;innvandrere;alle;alle;person;11
grunnskolepoeng;2014-2015;030104;1;norskfodte_m_innvf;NULL;NULL;grunnskolepoeng;40,6
grunnskolepoeng;2014-2015;030104;1;norskfodte_m_innvf;NULL;NULL;person;7
grunnskolepoeng;2014-2015;030104;0;alle;NULL;NULL;grunnskolepoeng;42,8
grunnskolepoeng;2014-2015;030104;0;alle;NULL;NULL;person;71
grunnskolepoeng;2014-2015;030104;0;bef_u_innv_og_norskf;NULL;NULL;grunnskolepoeng;45,6
grunnskolepoeng;2014-2015;030104;0;bef_u_innv_og_norskf;NULL;NULL;person;54
grunnskolepoeng;2014-2015;030104;0;befolkningen_ellers;NULL;NULL;grunnskolepoeng;44,8
grunnskolepoeng;2014-2015;030104;0;befolkningen_ellers;NULL;NULL;person;59
grunnskolepoeng;2014-2015;030104;0;innvandrere;1;0_6;grunnskolepoeng;0
grunnskolepoeng;2014-2015;030104;0;innvandrere;1;0_6;person;0
grunnskolepoeng;2014-2015;030104;0;innvandrere;1;7+;grunnskolepoeng;0
grunnskolepoeng;2014-2015;030104;0;innvandrere;1;7+;person;0
grunnskolepoeng;2014-2015;030104;0;innvandrere;1;alle;grunnskolepoeng;0
grunnskolepoeng;2014-2015;030104;0;innvandrere;1;alle;person;0
grunnskolepoeng;2014-2015;030104;0;innvandrere;2;0_6;grunnskolepoeng;33,8
grunnskolepoeng;2014-2015;030104;0;innvandrere;2;0_6;person;5
grunnskolepoeng;2014-2015;030104;0;innvandrere;2;7+;grunnskolepoeng;27,4
grunnskolepoeng;2014-2015;030104;0;innvandrere;2;7+;person;6
grunnskolepoeng;2014-2015;030104;0;innvandrere;2;alle;grunnskolepoeng;30,2
grunnskolepoeng;2014-2015;030104;0;innvandrere;2;alle;person;11
grunnskolepoeng;2014-2015;030104;0;innvandrere;alle;0_6;grunnskolepoeng;33,8
grunnskolepoeng;2014-2015;030104;0;innvandrere;alle;0_6;person;5
grunnskolepoeng;2014-2015;030104;0;innvandrere;alle;7+;grunnskolepoeng;31,4
grunnskolepoeng;2014-2015;030104;0;innvandrere;alle;7+;person;7
grunnskolepoeng;2014-2015;030104;0;innvandrere;alle;alle;grunnskolepoeng;32,4
grunnskolepoeng;2014-2015;030104;0;innvandrere;alle;alle;person;12
grunnskolepoeng;2014-2015;030104;0;norskfodte_m_innvf;NULL;NULL;grunnskolepoeng;36,8
grunnskolepoeng;2014-2015;030104;0;norskfodte_m_innvf;NULL;NULL;person;5
grunnskolepoeng;2014-2015;030105;alle;alle;NULL;NULL;grunnskolepoeng;42,4
grunnskolepoeng;2014-2015;030105;alle;alle;NULL;NULL;person;218
grunnskolepoeng;2014-2015;030105;alle;bef_u_innv_og_norskf;NULL;NULL;grunnskolepoeng;43
grunnskolepoeng;2014-2015;030105;alle;bef_u_innv_og_norskf;NULL;NULL;person;179
grunnskolepoeng;2014-2015;030105;alle;befolkningen_ellers;NULL;NULL;grunnskolepoeng;42,8
grunnskolepoeng;2014-2015;030105;alle;befolkningen_ellers;NULL;NULL;person;195
grunnskolepoeng;2014-2015;030105;alle;innvandrere;1;0_6;grunnskolepoeng;0
grunnskolepoeng;2014-2015;030105;alle;innvandrere;1;0_6;person;0
grunnskolepoeng;2014-2015;030105;alle;innvandrere;1;7+;grunnskolepoeng;39,8
grunnskolepoeng;2014-2015;030105;alle;innvandrere;1;7+;person;12
grunnskolepoeng;2014-2015;030105;alle;innvandrere;1;alle;grunnskolepoeng;38,6
grunnskolepoeng;2014-2015;030105;alle;innvandrere;1;alle;person;13
grunnskolepoeng;2014-2015;030105;alle;innvandrere;2;0_6;grunnskolepoeng;42,4
grunnskolepoeng;2014-2015;030105;alle;innvandrere;2;0_6;person;3
grunnskolepoeng;2014-2015;030105;alle;innvandrere;2;7+;grunnskolepoeng;39
grunnskolepoeng;2014-2015;030105;alle;innvandrere;2;7+;person;7
grunnskolepoeng;2014-2015;030105;alle;innvandrere;2;alle;grunnskolepoeng;40
grunnskolepoeng;2014-2015;030105;alle;innvandrere;2;alle;person;10
grunnskolepoeng;2014-2015;030105;alle;innvandrere;alle;0_6;grunnskolepoeng;37,6
grunnskolepoeng;2014-2015;030105;alle;innvandrere;alle;0_6;person;4
grunnskolepoeng;2014-2015;030105;alle;innvandrere;alle;7+;grunnskolepoeng;39,4
grunnskolepoeng;2014-2015;030105;alle;innvandrere;alle;7+;person;19
grunnskolepoeng;2014-2015;030105;alle;innvandrere;alle;alle;grunnskolepoeng;39,2
grunnskolepoeng;2014-2015;030105;alle;innvandrere;alle;alle;person;23
grunnskolepoeng;2014-2015;030105;alle;norskfodte_m_innvf;NULL;NULL;grunnskolepoeng;40,6
grunnskolepoeng;2014-2015;030105;alle;norskfodte_m_innvf;NULL;NULL;person;16
grunnskolepoeng;2014-2015;030105;1;alle;NULL;NULL;grunnskolepoeng;40,2
grunnskolepoeng;2014-2015;030105;1;alle;NULL;NULL;person;107
grunnskolepoeng;2014-2015;030105;1;bef_u_innv_og_norskf;NULL;NULL;grunnskolepoeng;40,4
grunnskolepoeng;2014-2015;030105;1;bef_u_innv_og_norskf;NULL;NULL;person;92
grunnskolepoeng;2014-2015;030105;1;befolkningen_ellers;NULL;NULL;grunnskolepoeng;40,2
grunnskolepoeng;2014-2015;030105;1;befolkningen_ellers;NULL;NULL;person;100
grunnskolepoeng;2014-2015;030105;1;innvandrere;1;0_6;grunnskolepoeng;0
grunnskolepoeng;2014-2015;030105;1;innvandrere;1;0_6;person;0
grunnskolepoeng;2014-2015;030105;1;innvandrere;1;7+;grunnskolepoeng;39
grunnskolepoeng;2014-2015;030105;1;innvandrere;1;7+;person;3
grunnskolepoeng;2014-2015;030105;1;innvandrere;1;alle;grunnskolepoeng;33,6
grunnskolepoeng;2014-2015;030105;1;innvandrere;1;alle;person;3
grunnskolepoeng;2014-2015;030105;1;innvandrere;2;0_6;grunnskolepoeng;42,4
grunnskolepoeng;2014-2015;030105;1;innvandrere;2;0_6;person;3
grunnskolepoeng;2014-2015;030105;1;innvandrere;2;7+;grunnskolepoeng;0
grunnskolepoeng;2014-2015;030105;1;innvandrere;2;7+;person;0
grunnskolepoeng;2014-2015;030105;1;innvandrere;2;alle;grunnskolepoeng;42
grunnskolepoeng;2014-2015;030105;1;innvandrere;2;alle;person;4
grunnskolepoeng;2014-2015;030105;1;innvandrere;alle;0_6;grunnskolepoeng;37,6
grunnskolepoeng;2014-2015;030105;1;innvandrere;alle;0_6;person;4
grunnskolepoeng;2014-2015;030105;1;innvandrere;alle;7+;grunnskolepoeng;39,6
grunnskolepoeng;2014-2015;030105;1;innvandrere;alle;7+;person;3
grunnskolepoeng;2014-2015;030105;1;innvandrere;alle;alle;grunnskolepoeng;38,4
grunnskolepoeng;2014-2015;030105;1;innvandrere;alle;alle;person;7
grunnskolepoeng;2014-2015;030105;1;norskfodte_m_innvf;NULL;NULL;grunnskolepoeng;37,8
grunnskolepoeng;2014-2015;030105;1;norskfodte_m_innvf;NULL;NULL;person;8
grunnskolepoeng;2014-2015;030105;0;alle;NULL;NULL;grunnskolepoeng;44,6
grunnskolepoeng;2014-2015;030105;0;alle;NULL;NULL;person;111
grunnskolepoeng;2014-2015;030105;0;bef_u_innv_og_norskf;NULL;NULL;grunnskolepoeng;45,6
grunnskolepoeng;2014-2015;030105;0;bef_u_innv_og_norskf;NULL;NULL;person;87
grunnskolepoeng;2014-2015;030105;0;befolkningen_ellers;NULL;NULL;grunnskolepoeng;45,4
grunnskolepoeng;2014-2015;030105;0;befolkningen_ellers;NULL;NULL;person;95
grunnskolepoeng;2014-2015;030105;0;innvandrere;1;0_6;grunnskolepoeng;0
grunnskolepoeng;2014-2015;030105;0;innvandrere;1;0_6;person;0
grunnskolepoeng;2014-2015;030105;0;innvandrere;1;7+;grunnskolepoeng;40
grunnskolepoeng;2014-2015;030105;0;innvandrere;1;7+;person;10
grunnskolepoeng;2014-2015;030105;0;innvandrere;1;alle;grunnskolepoeng;40
grunnskolepoeng;2014-2015;030105;0;innvandrere;1;alle;person;10
grunnskolepoeng;2014-2015;030105;0;innvandrere;2;0_6;grunnskolepoeng;0
grunnskolepoeng;2014-2015;030105;0;innvandrere;2;0_6;person;0
grunnskolepoeng;2014-2015;030105;0;innvandrere;2;7+;grunnskolepoeng;38,6
grunnskolepoeng;2014-2015;030105;0;innvandrere;2;7+;person;6
grunnskolepoeng;2014-2015;030105;0;innvandrere;2;alle;grunnskolepoeng;38,6
grunnskolepoeng;2014-2015;030105;0;innvandrere;2;alle;person;6
grunnskolepoeng;2014-2015;030105;0;innvandrere;alle;0_6;grunnskolepoeng;0
grunnskolepoeng;2014-2015;030105;0;innvandrere;alle;0_6;person;0
grunnskolepoeng;2014-2015;030105;0;innvandrere;alle;7+;grunnskolepoeng;39,4
grunnskolepoeng;2014-2015;030105;0;innvandrere;alle;7+;person;16
grunnskolepoeng;2014-2015;030105;0;innvandrere;alle;alle;grunnskolepoeng;39,4
grunnskolepoeng;2014-2015;030105;0;innvandrere;alle;alle;person;16
grunnskolepoeng;2014-2015;030105;0;norskfodte_m_innvf;NULL;NULL;grunnskolepoeng;43,6
grunnskolepoeng;2014-2015;030105;0;norskfodte_m_innvf;NULL;NULL;person;8
grunnskolepoeng;2014-2015;030106;alle;alle;NULL;NULL;grunnskolepoeng;45,4
grunnskolepoeng;2014-2015;030106;alle;alle;NULL;NULL;person;267
grunnskolepoeng;2014-2015;030106;alle;bef_u_innv_og_norskf;NULL;NULL;grunnskolepoeng;46,2
grunnskolepoeng;2014-2015;030106;alle;bef_u_innv_og_norskf;NULL;NULL;person;245
grunnskolepoeng;2014-2015;030106;alle;befolkningen_ellers;NULL;NULL;grunnskolepoeng;46
grunnskolepoeng;2014-2015;030106;alle;befolkningen_ellers;NULL;NULL;person;254
grunnskolepoeng;2014-2015;030106;alle;innvandrere;1;0_6;grunnskolepoeng;0
grunnskolepoeng;2014-2015;030106;alle;innvandrere;1;0_6;person;0
grunnskolepoeng;2014-2015;030106;alle;innvandrere;1;7+;grunnskolepoeng;41,2
grunnskolepoeng;2014-2015;030106;alle;innvandrere;1;7+;person;4
grunnskolepoeng;2014-2015;030106;alle;innvandrere;1;alle;grunnskolepoeng;41,2
grunnskolepoeng;2014-2015;030106;alle;innvandrere;1;alle;person;4
grunnskolepoeng;2014-2015;030106;alle;innvandrere;2;0_6;grunnskolepoeng;38,8
grunnskolepoeng;2014-2015;030106;alle;innvandrere;2;0_6;person;3
grunnskolepoeng;2014-2015;030106;alle;innvandrere;2;7+;grunnskolepoeng;33,8
grunnskolepoeng;2014-2015;030106;alle;innvandrere;2;7+;person;7
grunnskolepoeng;2014-2015;030106;alle;innvandrere;2;alle;grunnskolepoeng;34,8
grunnskolepoeng;2014-2015;030106;alle;innvandrere;2;alle;person;9
grunnskolepoeng;2014-2015;030106;alle;innvandrere;alle;0_6;grunnskolepoeng;38,8
grunnskolepoeng;2014-2015;030106;alle;innvandrere;alle;0_6;person;3
grunnskolepoeng;2014-2015;030106;alle;innvandrere;alle;7+;grunnskolepoeng;36,4
grunnskolepoeng;2014-2015;030106;alle;innvandrere;alle;7+;person;11
grunnskolepoeng;2014-2015;030106;alle;innvandrere;alle;alle;grunnskolepoeng;36,8
grunnskolepoeng;2014-2015;030106;alle;innvandrere;alle;alle;person;13
grunnskolepoeng;2014-2015;030106;alle;norskfodte_m_innvf;NULL;NULL;grunnskolepoeng;40,8
grunnskolepoeng;2014-2015;030106;alle;norskfodte_m_innvf;NULL;NULL;person;9
grunnskolepoeng;2014-2015;030106;1;alle;NULL;NULL;grunnskolepoeng;44
grunnskolepoeng;2014-2015;030106;1;alle;NULL;NULL;person;145
grunnskolepoeng;2014-2015;030106;1;bef_u_innv_og_norskf;NULL;NULL;grunnskolepoeng;44,4
grunnskolepoeng;2014-2015;030106;1;bef_u_innv_og_norskf;NULL;NULL;person;136
grunnskolepoeng;2014-2015;030106;1;befolkningen_ellers;NULL;NULL;grunnskolepoeng;44,2
grunnskolepoeng;2014-2015;030106;1;befolkningen_ellers;NULL;NULL;person;139
grunnskolepoeng;2014-2015;030106;1;innvandrere;1;0_6;grunnskolepoeng;0
grunnskolepoeng;2014-2015;030106;1;innvandrere;1;0_6;person;0
grunnskolepoeng;2014-2015;030106;1;innvandrere;1;7+;grunnskolepoeng;40,6
grunnskolepoeng;2014-2015;030106;1;innvandrere;1;7+;person;3
grunnskolepoeng;2014-2015;030106;1;innvandrere;1;alle;grunnskolepoeng;40,6
grunnskolepoeng;2014-2015;030106;1;innvandrere;1;alle;person;3
grunnskolepoeng;2014-2015;030106;1;innvandrere;2;0_6;grunnskolepoeng;0
grunnskolepoeng;2014-2015;030106;1;innvandrere;2;0_6;person;0
grunnskolepoeng;2014-2015;030106;1;innvandrere;2;7+;grunnskolepoeng;34,6
grunnskolepoeng;2014-2015;030106;1;innvandrere;2;7+;person;3
grunnskolepoeng;2014-2015;030106;1;innvandrere;2;alle;grunnskolepoeng;34,6
grunnskolepoeng;2014-2015;030106;1;innvandrere;2;alle;person;3
grunnskolepoeng;2014-2015;030106;1;innvandrere;alle;0_6;grunnskolepoeng;0
grunnskolepoeng;2014-2015;030106;1;innvandrere;alle;0_6;person;0
grunnskolepoeng;2014-2015;030106;1;innvandrere;alle;7+;grunnskolepoeng;37,6
grunnskolepoeng;2014-2015;030106;1;innvandrere;alle;7+;person;6
grunnskolepoeng;2014-2015;030106;1;innvandrere;alle;alle;grunnskolepoeng;37,6
grunnskolepoeng;2014-2015;030106;1;innvandrere;alle;alle;person;6
grunnskolepoeng;2014-2015;030106;1;norskfodte_m_innvf;NULL;NULL;grunnskolepoeng;38,4
grunnskolepoeng;2014-2015;030106;1;norskfodte_m_innvf;NULL;NULL;person;3
grunnskolepoeng;2014-2015;030106;0;alle;NULL;NULL;grunnskolepoeng;47,2
grunnskolepoeng;2014-2015;030106;0;alle;NULL;NULL;person;122
grunnskolepoeng;2014-2015;030106;0;bef_u_innv_og_norskf;NULL;NULL;grunnskolepoeng;48,2
grunnskolepoeng;2014-2015;030106;0;bef_u_innv_og_norskf;NULL;NULL;person;109
grunnskolepoeng;2014-2015;030106;0;befolkningen_ellers;NULL;NULL;grunnskolepoeng;48
grunnskolepoeng;2014-2015;030106;0;befolkningen_ellers;NULL;NULL;person;115
grunnskolepoeng;2014-2015;030106;0;innvandrere;1;0_6;grunnskolepoeng;0
grunnskolepoeng;2014-2015;030106;0;innvandrere;1;0_6;person;0
grunnskolepoeng;2014-2015;030106;0;innvandrere;1;7+;grunnskolepoeng;0
grunnskolepoeng;2014-2015;030106;0;innvandrere;1;7+;person;0
grunnskolepoeng;2014-2015;030106;0;innvandrere;1;alle;grunnskolepoeng;0
grunnskolepoeng;2014-2015;030106;0;innvandrere;1;alle;person;0
grunnskolepoeng;2014-2015;030106;0;innvandrere;2;0_6;grunnskolepoeng;38,8
grunnskolepoeng;2014-2015;030106;0;innvandrere;2;0_6;person;3
grunnskolepoeng;2014-2015;030106;0;innvandrere;2;7+;grunnskolepoeng;33
grunnskolepoeng;2014-2015;030106;0;innvandrere;2;7+;person;4
grunnskolepoeng;2014-2015;030106;0;innvandrere;2;alle;grunnskolepoeng;35
grunnskolepoeng;2014-2015;030106;0;innvandrere;2;alle;person;6
grunnskolepoeng;2014-2015;030106;0;innvandrere;alle;0_6;grunnskolepoeng;38,8
grunnskolepoeng;2014-2015;030106;0;innvandrere;alle;0_6;person;3
grunnskolepoeng;2014-2015;030106;0;innvandrere;alle;7+;grunnskolepoeng;35,2
grunnskolepoeng;2014-2015;030106;0;innvandrere;alle;7+;person;5
grunnskolepoeng;2014-2015;030106;0;innvandrere;alle;alle;grunnskolepoeng;36,2
grunnskolepoeng;2014-2015;030106;0;innvandrere;alle;alle;person;7
grunnskolepoeng;2014-2015;030106;0;norskfodte_m_innvf;NULL;NULL;grunnskolepoeng;41,8
grunnskolepoeng;2014-2015;030106;0;norskfodte_m_innvf;NULL;NULL;person;6
grunnskolepoeng;2014-2015;030107;alle;alle;NULL;NULL;grunnskolepoeng;44,4
grunnskolepoeng;2014-2015;030107;alle;alle;NULL;NULL;person;471
grunnskolepoeng;2014-2015;030107;alle;bef_u_innv_og_norskf;NULL;NULL;grunnskolepoeng;45
grunnskolepoeng;2014-2015;030107;alle;bef_u_innv_og_norskf;NULL;NULL;person;428
grunnskolepoeng;2014-2015;030107;alle;befolkningen_ellers;NULL;NULL;grunnskolepoeng;44,8
grunnskolepoeng;2014-2015;030107;alle;befolkningen_ellers;NULL;NULL;person;454
grunnskolepoeng;2014-2015;030107;alle;innvandrere;1;0_6;grunnskolepoeng;42,4
grunnskolepoeng;2014-2015;030107;alle;innvandrere;1;0_6;person;3
grunnskolepoeng;2014-2015;030107;alle;innvandrere;1;7+;grunnskolepoeng;39,4
grunnskolepoeng;2014-2015;030107;alle;innvandrere;1;7+;person;9
grunnskolepoeng;2014-2015;030107;alle;innvandrere;1;alle;grunnskolepoeng;40,2
grunnskolepoeng;2014-2015;030107;alle;innvandrere;1;alle;person;12
grunnskolepoeng;2014-2015;030107;alle;innvandrere;2;0_6;grunnskolepoeng;22,2
grunnskolepoeng;2014-2015;030107;alle;innvandrere;2;0_6;person;3
grunnskolepoeng;2014-2015;030107;alle;innvandrere;2;7+;grunnskolepoeng;30,4
grunnskolepoeng;2014-2015;030107;alle;innvandrere;2;7+;person;3
grunnskolepoeng;2014-2015;030107;alle;innvandrere;2;alle;grunnskolepoeng;27,2
grunnskolepoeng;2014-2015;030107;alle;innvandrere;2;alle;person;5
grunnskolepoeng;2014-2015;030107;alle;innvandrere;alle;0_6;grunnskolepoeng;34,4
grunnskolepoeng;2014-2015;030107;alle;innvandrere;alle;0_6;person;5
grunnskolepoeng;2014-2015;030107;alle;innvandrere;alle;7+;grunnskolepoeng;37,2
grunnskolepoeng;2014-2015;030107;alle;innvandrere;alle;7+;person;12
grunnskolepoeng;2014-2015;030107;alle;innvandrere;alle;alle;grunnskolepoeng;36,4
grunnskolepoeng;2014-2015;030107;alle;innvandrere;alle;alle;person;17
grunnskolepoeng;2014-2015;030107;alle;norskfodte_m_innvf;NULL;NULL;grunnskolepoeng;40
grunnskolepoeng;2014-2015;030107;alle;norskfodte_m_innvf;NULL;NULL;person;26
grunnskolepoeng;2014-2015;030107;1;alle;NULL;NULL;grunnskolepoeng;43,4
grunnskolepoeng;2014-2015;030107;1;alle;NULL;NULL;person;234
grunnskolepoeng;2014-2015;030107;1;bef_u_innv_og_norskf;NULL;NULL;grunnskolepoeng;43,8
grunnskolepoeng;2014-2015;030107;1;bef_u_innv_og_norskf;NULL;NULL;person;214
grunnskolepoeng;2014-2015;030107;1;befolkningen_ellers;NULL;NULL;grunnskolepoeng;43,6
grunnskolepoeng;2014-2015;030107;1;befolkningen_ellers;NULL;NULL;person;224
grunnskolepoeng;2014-2015;030107;1;innvandrere;1;0_6;grunnskolepoeng;42,4
grunnskolepoeng;2014-2015;030107;1;innvandrere;1;0_6;person;3
grunnskolepoeng;2014-2015;030107;1;innvandrere;1;7+;grunnskolepoeng;34,8
grunnskolepoeng;2014-2015;030107;1;innvandrere;1;7+;person;5
grunnskolepoeng;2014-2015;030107;1;innvandrere;1;alle;grunnskolepoeng;37,6
grunnskolepoeng;2014-2015;030107;1;innvandrere;1;alle;person;8
grunnskolepoeng;2014-2015;030107;1;innvandrere;2;0_6;grunnskolepoeng;42
grunnskolepoeng;2014-2015;030107;1;innvandrere;2;0_6;person;3
grunnskolepoeng;2014-2015;030107;1;innvandrere;2;7+;grunnskolepoeng;0
grunnskolepoeng;2014-2015;030107;1;innvandrere;2;7+;person;0
grunnskolepoeng;2014-2015;030107;1;innvandrere;2;alle;grunnskolepoeng;37,8
grunnskolepoeng;2014-2015;030107;1;innvandrere;2;alle;person;3
grunnskolepoeng;2014-2015;030107;1;innvandrere;alle;0_6;grunnskolepoeng;42,2
grunnskolepoeng;2014-2015;030107;1;innvandrere;alle;0_6;person;4
grunnskolepoeng;2014-2015;030107;1;innvandrere;alle;7+;grunnskolepoeng;34,6
grunnskolepoeng;2014-2015;030107;1;innvandrere;alle;7+;person;6
grunnskolepoeng;2014-2015;030107;1;innvandrere;alle;alle;grunnskolepoeng;37,6
grunnskolepoeng;2014-2015;030107;1;innvandrere;alle;alle;person;10
grunnskolepoeng;2014-2015;030107;1;norskfodte_m_innvf;NULL;NULL;grunnskolepoeng;38,6
grunnskolepoeng;2014-2015;030107;1;norskfodte_m_innvf;NULL;NULL;person;10
grunnskolepoeng;2014-2015;030107;0;alle;NULL;NULL;grunnskolepoeng;45,4
grunnskolepoeng;2014-2015;030107;0;alle;NULL;NULL;person;237
grunnskolepoeng;2014-2015;030107;0;bef_u_innv_og_norskf;NULL;NULL;grunnskolepoeng;46,2
grunnskolepoeng;2014-2015;030107;0;bef_u_innv_og_norskf;NULL;NULL;person;214
grunnskolepoeng;2014-2015;030107;0;befolkningen_ellers;NULL;NULL;grunnskolepoeng;45,8
grunnskolepoeng;2014-2015;030107;0;befolkningen_ellers;NULL;NULL;person;230
grunnskolepoeng;2014-2015;030107;0;innvandrere;1;0_6;grunnskolepoeng;0
grunnskolepoeng;2014-2015;030107;0;innvandrere;1;0_6;person;0
grunnskolepoeng;2014-2015;030107;0;innvandrere;1;7+;grunnskolepoeng;45,2
grunnskolepoeng;2014-2015;030107;0;innvandrere;1;7+;person;4
grunnskolepoeng;2014-2015;030107;0;innvandrere;1;alle;grunnskolepoeng;45,2
grunnskolepoeng;2014-2015;030107;0;innvandrere;1;alle;person;4
grunnskolepoeng;2014-2015;030107;0;innvandrere;2;0_6;grunnskolepoeng;0
grunnskolepoeng;2014-2015;030107;0;innvandrere;2;0_6;person;0
grunnskolepoeng;2014-2015;030107;0;innvandrere;2;7+;grunnskolepoeng;29
grunnskolepoeng;2014-2015;030107;0;innvandrere;2;7+;person;3
grunnskolepoeng;2014-2015;030107;0;innvandrere;2;alle;grunnskolepoeng;20,2
grunnskolepoeng;2014-2015;030107;0;innvandrere;2;alle;person;3
grunnskolepoeng;2014-2015;030107;0;innvandrere;alle;0_6;grunnskolepoeng;0
grunnskolepoeng;2014-2015;030107;0;innvandrere;alle;0_6;person;0
grunnskolepoeng;2014-2015;030107;0;innvandrere;alle;7+;grunnskolepoeng;39,8
grunnskolepoeng;2014-2015;030107;0;innvandrere;alle;7+;person;6
grunnskolepoeng;2014-2015;030107;0;innvandrere;alle;alle;grunnskolepoeng;34,4
grunnskolepoeng;2014-2015;030107;0;innvandrere;alle;alle;person;7
grunnskolepoeng;2014-2015;030107;0;norskfodte_m_innvf;NULL;NULL;grunnskolepoeng;40,8
grunnskolepoeng;2014-2015;030107;0;norskfodte_m_innvf;NULL;NULL;person;16
grunnskolepoeng;2014-2015;030108;alle;alle;NULL;NULL;grunnskolepoeng;45,4
grunnskolepoeng;2014-2015;030108;alle;alle;NULL;NULL;person;506
grunnskolepoeng;2014-2015;030108;alle;bef_u_innv_og_norskf;NULL;NULL;grunnskolepoeng;45,8
grunnskolepoeng;2014-2015;030108;alle;bef_u_innv_og_norskf;NULL;NULL;person;472
grunnskolepoeng;2014-2015;030108;alle;befolkningen_ellers;NULL;NULL;grunnskolepoeng;45,8
grunnskolepoeng;2014-2015;030108;alle;befolkningen_ellers;NULL;NULL;person;491
grunnskolepoeng;2014-2015;030108;alle;innvandrere;1;0_6;grunnskolepoeng;41,4
grunnskolepoeng;2014-2015;030108;alle;innvandrere;1;0_6;person;3
grunnskolepoeng;2014-2015;030108;alle;innvandrere;1;7+;grunnskolepoeng;40,6
grunnskolepoeng;2014-2015;030108;alle;innvandrere;1;7+;person;5
grunnskolepoeng;2014-2015;030108;alle;innvandrere;1;alle;grunnskolepoeng;40,8
grunnskolepoeng;2014-2015;030108;alle;innvandrere;1;alle;person;7
grunnskolepoeng;2014-2015;030108;alle;innvandrere;2;0_6;grunnskolepoeng;0
grunnskolepoeng;2014-2015;030108;alle;innvandrere;2;0_6;person;0
grunnskolepoeng;2014-2015;030108;alle;innvandrere;2;7+;grunnskolepoeng;30,6
grunnskolepoeng;2014-2015;030108;alle;innvandrere;2;7+;person;6
grunnskolepoeng;2014-2015;030108;alle;innvandrere;2;alle;grunnskolepoeng;31
grunnskolepoeng;2014-2015;030108;alle;innvandrere;2;alle;person;8
grunnskolepoeng;2014-2015;030108;alle;innvandrere;alle;0_6;grunnskolepoeng;36,8
grunnskolepoeng;2014-2015;030108;alle;innvandrere;alle;0_6;person;4
grunnskolepoeng;2014-2015;030108;alle;innvandrere;alle;7+;grunnskolepoeng;35,2
grunnskolepoeng;2014-2015;030108;alle;innvandrere;alle;7+;person;11
grunnskolepoeng;2014-2015;030108;alle;innvandrere;alle;alle;grunnskolepoeng;35,6
grunnskolepoeng;2014-2015;030108;alle;innvandrere;alle;alle;person;15
grunnskolepoeng;2014-2015;030108;alle;norskfodte_m_innvf;NULL;NULL;grunnskolepoeng;43,8
grunnskolepoeng;2014-2015;030108;alle;norskfodte_m_innvf;NULL;NULL;person;19
grunnskolepoeng;2014-2015;030108;1;alle;NULL;NULL;grunnskolepoeng;43,4
grunnskolepoeng;2014-2015;030108;1;alle;NULL;NULL;person;270
grunnskolepoeng;2014-2015;030108;1;bef_u_innv_og_norskf;NULL;NULL;grunnskolepoeng;43,8
grunnskolepoeng;2014-2015;030108;1;bef_u_innv_og_norskf;NULL;NULL;person;252
grunnskolepoeng;2014-2015;030108;1;befolkningen_ellers;NULL;NULL;grunnskolepoeng;43,8
grunnskolepoeng;2014-2015;030108;1;befolkningen_ellers;NULL;NULL;person;261
grunnskolepoeng;2014-2015;030108;1;innvandrere;1;0_6;grunnskolepoeng;41,4
grunnskolepoeng;2014-2015;030108;1;innvandrere;1;0_6;person;3
grunnskolepoeng;2014-2015;030108;1;innvandrere;1;7+;grunnskolepoeng;0
grunnskolepoeng;2014-2015;030108;1;innvandrere;1;7+;person;0
grunnskolepoeng;2014-2015;030108;1;innvandrere;1;alle;grunnskolepoeng;36,8
grunnskolepoeng;2014-2015;030108;1;innvandrere;1;alle;person;3
grunnskolepoeng;2014-2015;030108;1;innvandrere;2;0_6;grunnskolepoeng;0
grunnskolepoeng;2014-2015;030108;1;innvandrere;2;0_6;person;0
grunnskolepoeng;2014-2015;030108;1;innvandrere;2;7+;grunnskolepoeng;31,8
grunnskolepoeng;2014-2015;030108;1;innvandrere;2;7+;person;4
grunnskolepoeng;2014-2015;030108;1;innvandrere;2;alle;grunnskolepoeng;32
grunnskolepoeng;2014-2015;030108;1;innvandrere;2;alle;person;6
grunnskolepoeng;2014-2015;030108;1;innvandrere;alle;0_6;grunnskolepoeng;36,8
grunnskolepoeng;2014-2015;030108;1;innvandrere;alle;0_6;person;4
grunnskolepoeng;2014-2015;030108;1;innvandrere;alle;7+;grunnskolepoeng;31
grunnskolepoeng;2014-2015;030108;1;innvandrere;alle;7+;person;5
grunnskolepoeng;2014-2015;030108;1;innvandrere;alle;alle;grunnskolepoeng;33,6
grunnskolepoeng;2014-2015;030108;1;innvandrere;alle;alle;person;9
grunnskolepoeng;2014-2015;030108;1;norskfodte_m_innvf;NULL;NULL;grunnskolepoeng;41
grunnskolepoeng;2014-2015;030108;1;norskfodte_m_innvf;NULL;NULL;person;9
grunnskolepoeng;2014-2015;030108;0;alle;NULL;NULL;grunnskolepoeng;47,8
grunnskolepoeng;2014-2015;030108;0;alle;NULL;NULL;person;236
grunnskolepoeng;2014-2015;030108;0;bef_u_innv_og_norskf;NULL;NULL;grunnskolepoeng;48
grunnskolepoeng;2014-2015;030108;0;bef_u_innv_og_norskf;NULL;NULL;person;220
grunnskolepoeng;2014-2015;030108;0;befolkningen_ellers;NULL;NULL;grunnskolepoeng;48
grunnskolepoeng;2014-2015;030108;0;befolkningen_ellers;NULL;NULL;person;230
grunnskolepoeng;2014-2015;030108;0;innvandrere;1;0_6;grunnskolepoeng;0
grunnskolepoeng;2014-2015;030108;0;innvandrere;1;0_6;person;0
grunnskolepoeng;2014-2015;030108;0;innvandrere;1;7+;grunnskolepoeng;43,8
grunnskolepoeng;2014-2015;030108;0;innvandrere;1;7+;person;4
grunnskolepoeng;2014-2015;030108;0;innvandrere;1;alle;grunnskolepoeng;43,8
grunnskolepoeng;2014-2015;030108;0;innvandrere;1;alle;person;4
grunnskolepoeng;2014-2015;030108;0;innvandrere;2;0_6;grunnskolepoeng;0
grunnskolepoeng;2014-2015;030108;0;innvandrere;2;0_6;person;0
grunnskolepoeng;2014-2015;030108;0;innvandrere;2;7+;grunnskolepoeng;28,4
grunnskolepoeng;2014-2015;030108;0;innvandrere;2;7+;person;3
grunnskolepoeng;2014-2015;030108;0;innvandrere;2;alle;grunnskolepoeng;28,4
grunnskolepoeng;2014-2015;030108;0;innvandrere;2;alle;person;3
grunnskolepoeng;2014-2015;030108;0;innvandrere;alle;0_6;grunnskolepoeng;0
grunnskolepoeng;2014-2015;030108;0;innvandrere;alle;0_6;person;0
grunnskolepoeng;2014-2015;030108;0;innvandrere;alle;7+;grunnskolepoeng;38,6
grunnskolepoeng;2014-2015;030108;0;innvandrere;alle;7+;person;6
grunnskolepoeng;2014-2015;030108;0;innvandrere;alle;alle;grunnskolepoeng;38,6
grunnskolepoeng;2014-2015;030108;0;innvandrere;alle;alle;person;6
grunnskolepoeng;2014-2015;030108;0;norskfodte_m_innvf;NULL;NULL;grunnskolepoeng;46,4
grunnskolepoeng;2014-2015;030108;0;norskfodte_m_innvf;NULL;NULL;person;10
grunnskolepoeng;2014-2015;030109;alle;alle;NULL;NULL;grunnskolepoeng;40,2
grunnskolepoeng;2014-2015;030109;alle;alle;NULL;NULL;person;287
grunnskolepoeng;2014-2015;030109;alle;bef_u_innv_og_norskf;NULL;NULL;grunnskolepoeng;42
grunnskolepoeng;2014-2015;030109;alle;bef_u_innv_og_norskf;NULL;NULL;person;131
grunnskolepoeng;2014-2015;030109;alle;befolkningen_ellers;NULL;NULL;grunnskolepoeng;41,2
grunnskolepoeng;2014-2015;030109;alle;befolkningen_ellers;NULL;NULL;person;232
grunnskolepoeng;2014-2015;030109;alle;innvandrere;1;0_6;grunnskolepoeng;43,8
grunnskolepoeng;2014-2015;030109;alle;innvandrere;1;0_6;person;3
grunnskolepoeng;2014-2015;030109;alle;innvandrere;1;7+;grunnskolepoeng;35,8
grunnskolepoeng;2014-2015;030109;alle;innvandrere;1;7+;person;9
grunnskolepoeng;2014-2015;030109;alle;innvandrere;1;alle;grunnskolepoeng;37,8
grunnskolepoeng;2014-2015;030109;alle;innvandrere;1;alle;person;12
grunnskolepoeng;2014-2015;030109;alle;innvandrere;2;0_6;grunnskolepoeng;38,2
grunnskolepoeng;2014-2015;030109;alle;innvandrere;2;0_6;person;22
grunnskolepoeng;2014-2015;030109;alle;innvandrere;2;7+;grunnskolepoeng;34
grunnskolepoeng;2014-2015;030109;alle;innvandrere;2;7+;person;21
grunnskolepoeng;2014-2015;030109;alle;innvandrere;2;alle;grunnskolepoeng;36
grunnskolepoeng;2014-2015;030109;alle;innvandrere;2;alle;person;43
grunnskolepoeng;2014-2015;030109;alle;innvandrere;alle;0_6;grunnskolepoeng;38,8
grunnskolepoeng;2014-2015;030109;alle;innvandrere;alle;0_6;person;25
grunnskolepoeng;2014-2015;030109;alle;innvandrere;alle;7+;grunnskolepoeng;34,4
grunnskolepoeng;2014-2015;030109;alle;innvandrere;alle;7+;person;30
grunnskolepoeng;2014-2015;030109;alle;innvandrere;alle;alle;grunnskolepoeng;36,4
grunnskolepoeng;2014-2015;030109;alle;innvandrere;alle;alle;person;55
grunnskolepoeng;2014-2015;030109;alle;norskfodte_m_innvf;NULL;NULL;grunnskolepoeng;40,2
grunnskolepoeng;2014-2015;030109;alle;norskfodte_m_innvf;NULL;NULL;person;101
grunnskolepoeng;2014-2015;030109;1;alle;NULL;NULL;grunnskolepoeng;39,2
grunnskolepoeng;2014-2015;030109;1;alle;NULL;NULL;person;155
grunnskolepoeng;2014-2015;030109;1;bef_u_innv_og_norskf;NULL;NULL;grunnskolepoeng;40,4
grunnskolepoeng;2014-2015;030109;1;bef_u_innv_og_norskf;NULL;NULL;person;76
grunnskolepoeng;2014-2015;030109;1;befolkningen_ellers;NULL;NULL;grunnskolepoeng;39,8
grunnskolepoeng;2014-2015;030109;1;befolkningen_ellers;NULL;NULL;person;129
grunnskolepoeng;2014-2015;030109;1;innvandrere;1;0_6;grunnskolepoeng;0
grunnskolepoeng;2014-2015;030109;1;innvandrere;1;0_6;person;0
grunnskolepoeng;2014-2015;030109;1;innvandrere;1;7+;grunnskolepoeng;32
grunnskolepoeng;2014-2015;030109;1;innvandrere;1;7+;person;5
grunnskolepoeng;2014-2015;030109;1;innvandrere;1;alle;grunnskolepoeng;32
grunnskolepoeng;2014-2015;030109;1;innvandrere;1;alle;person;5
grunnskolepoeng;2014-2015;030109;1;innvandrere;2;0_6;grunnskolepoeng;40,6
grunnskolepoeng;2014-2015;030109;1;innvandrere;2;0_6;person;11
grunnskolepoeng;2014-2015;030109;1;innvandrere;2;7+;grunnskolepoeng;31,6
grunnskolepoeng;2014-2015;030109;1;innvandrere;2;7+;person;10
grunnskolepoeng;2014-2015;030109;1;innvandrere;2;alle;grunnskolepoeng;36,4
grunnskolepoeng;2014-2015;030109;1;innvandrere;2;alle;person;21
grunnskolepoeng;2014-2015;030109;1;innvandrere;alle;0_6;grunnskolepoeng;40,6
grunnskolepoeng;2014-2015;030109;1;innvandrere;alle;0_6;person;11
grunnskolepoeng;2014-2015;030109;1;innvandrere;alle;7+;grunnskolepoeng;31,8
grunnskolepoeng;2014-2015;030109;1;innvandrere;alle;7+;person;15
grunnskolepoeng;2014-2015;030109;1;innvandrere;alle;alle;grunnskolepoeng;35,4
grunnskolepoeng;2014-2015;030109;1;innvandrere;alle;alle;person;26
grunnskolepoeng;2014-2015;030109;1;norskfodte_m_innvf;NULL;NULL;grunnskolepoeng;39
grunnskolepoeng;2014-2015;030109;1;norskfodte_m_innvf;NULL;NULL;person;53
grunnskolepoeng;2014-2015;030109;0;alle;NULL;NULL;grunnskolepoeng;41,6
grunnskolepoeng;2014-2015;030109;0;alle;NULL;NULL;person;132
grunnskolepoeng;2014-2015;030109;0;bef_u_innv_og_norskf;NULL;NULL;grunnskolepoeng;44,2
grunnskolepoeng;2014-2015;030109;0;bef_u_innv_og_norskf;NULL;NULL;person;55
grunnskolepoeng;2014-2015;030109;0;befolkningen_ellers;NULL;NULL;grunnskolepoeng;42,8
grunnskolepoeng;2014-2015;030109;0;befolkningen_ellers;NULL;NULL;person;103
grunnskolepoeng;2014-2015;030109;0;innvandrere;1;0_6;grunnskolepoeng;43,8
grunnskolepoeng;2014-2015;030109;0;innvandrere;1;0_6;person;3
grunnskolepoeng;2014-2015;030109;0;innvandrere;1;7+;grunnskolepoeng;40,4
grunnskolepoeng;2014-2015;030109;0;innvandrere;1;7+;person;4
grunnskolepoeng;2014-2015;030109;0;innvandrere;1;alle;grunnskolepoeng;41,8
grunnskolepoeng;2014-2015;030109;0;innvandrere;1;alle;person;7
grunnskolepoeng;2014-2015;030109;0;innvandrere;2;0_6;grunnskolepoeng;35,6
grunnskolepoeng;2014-2015;030109;0;innvandrere;2;0_6;person;11
grunnskolepoeng;2014-2015;030109;0;innvandrere;2;7+;grunnskolepoeng;36
grunnskolepoeng;2014-2015;030109;0;innvandrere;2;7+;person;11
grunnskolepoeng;2014-2015;030109;0;innvandrere;2;alle;grunnskolepoeng;35,8
grunnskolepoeng;2014-2015;030109;0;innvandrere;2;alle;person;22
grunnskolepoeng;2014-2015;030109;0;innvandrere;alle;0_6;grunnskolepoeng;37,4
grunnskolepoeng;2014-2015;030109;0;innvandrere;alle;0_6;person;14
grunnskolepoeng;2014-2015;030109;0;innvandrere;alle;7+;grunnskolepoeng;37,2
grunnskolepoeng;2014-2015;030109;0;innvandrere;alle;7+;person;15
grunnskolepoeng;2014-2015;030109;0;innvandrere;alle;alle;grunnskolepoeng;37,2
grunnskolepoeng;2014-2015;030109;0;innvandrere;alle;alle;person;29
grunnskolepoeng;2014-2015;030109;0;norskfodte_m_innvf;NULL;NULL;grunnskolepoeng;41,2
grunnskolepoeng;2014-2015;030109;0;norskfodte_m_innvf;NULL;NULL;person;48
grunnskolepoeng;2014-2015;030110;alle;alle;NULL;NULL;grunnskolepoeng;38,8
grunnskolepoeng;2014-2015;030110;alle;alle;NULL;NULL;person;310
grunnskolepoeng;2014-2015;030110;alle;bef_u_innv_og_norskf;NULL;NULL;grunnskolepoeng;41,2
grunnskolepoeng;2014-2015;030110;alle;bef_u_innv_og_norskf;NULL;NULL;person;128
grunnskolepoeng;2014-2015;030110;alle;befolkningen_ellers;NULL;NULL;grunnskolepoeng;39,6
grunnskolepoeng;2014-2015;030110;alle;befolkningen_ellers;NULL;NULL;person;259
grunnskolepoeng;2014-2015;030110;alle;innvandrere;1;0_6;grunnskolepoeng;0
grunnskolepoeng;2014-2015;030110;alle;innvandrere;1;0_6;person;0
grunnskolepoeng;2014-2015;030110;alle;innvandrere;1;7+;grunnskolepoeng;30
grunnskolepoeng;2014-2015;030110;alle;innvandrere;1;7+;person;10
grunnskolepoeng;2014-2015;030110;alle;innvandrere;1;alle;grunnskolepoeng;31,8
grunnskolepoeng;2014-2015;030110;alle;innvandrere;1;alle;person;11
grunnskolepoeng;2014-2015;030110;alle;innvandrere;2;0_6;grunnskolepoeng;37,6
grunnskolepoeng;2014-2015;030110;alle;innvandrere;2;0_6;person;19
grunnskolepoeng;2014-2015;030110;alle;innvandrere;2;7+;grunnskolepoeng;32,2
grunnskolepoeng;2014-2015;030110;alle;innvandrere;2;7+;person;21
grunnskolepoeng;2014-2015;030110;alle;innvandrere;2;alle;grunnskolepoeng;34,8
grunnskolepoeng;2014-2015;030110;alle;innvandrere;2;alle;person;40
grunnskolepoeng;2014-2015;030110;alle;innvandrere;alle;0_6;grunnskolepoeng;38,2
grunnskolepoeng;2014-2015;030110;alle;innvandrere;alle;0_6;person;20
grunnskolepoeng;2014-2015;030110;alle;innvandrere;alle;7+;grunnskolepoeng;31,4
grunnskolepoeng;2014-2015;030110;alle;innvandrere;alle;7+;person;31
grunnskolepoeng;2014-2015;030110;alle;innvandrere;alle;alle;grunnskolepoeng;34,2
grunnskolepoeng;2014-2015;030110;alle;innvandrere;alle;alle;person;51
grunnskolepoeng;2014-2015;030110;alle;norskfodte_m_innvf;NULL;NULL;grunnskolepoeng;38,2
grunnskolepoeng;2014-2015;030110;alle;norskfodte_m_innvf;NULL;NULL;person;131
grunnskolepoeng;2014-2015;030110;1;alle;NULL;NULL;grunnskolepoeng;36,8
grunnskolepoeng;2014-2015;030110;1;alle;NULL;NULL;person;165
grunnskolepoeng;2014-2015;030110;1;bef_u_innv_og_norskf;NULL;NULL;grunnskolepoeng;39,4
grunnskolepoeng;2014-2015;030110;1;bef_u_innv_og_norskf;NULL;NULL;person;64
grunnskolepoeng;2014-2015;030110;1;befolkningen_ellers;NULL;NULL;grunnskolepoeng;37,8
grunnskolepoeng;2014-2015;030110;1;befolkningen_ellers;NULL;NULL;person;133
grunnskolepoeng;2014-2015;030110;1;innvandrere;1;0_6;grunnskolepoeng;0
grunnskolepoeng;2014-2015;030110;1;innvandrere;1;0_6;person;0
grunnskolepoeng;2014-2015;030110;1;innvandrere;1;7+;grunnskolepoeng;28,2
grunnskolepoeng;2014-2015;030110;1;innvandrere;1;7+;person;9
grunnskolepoeng;2014-2015;030110;1;innvandrere;1;alle;grunnskolepoeng;30,4
grunnskolepoeng;2014-2015;030110;1;innvandrere;1;alle;person;10
grunnskolepoeng;2014-2015;030110;1;innvandrere;2;0_6;grunnskolepoeng;36
grunnskolepoeng;2014-2015;030110;1;innvandrere;2;0_6;person;11
grunnskolepoeng;2014-2015;030110;1;innvandrere;2;7+;grunnskolepoeng;30,4
grunnskolepoeng;2014-2015;030110;1;innvandrere;2;7+;person;11
grunnskolepoeng;2014-2015;030110;1;innvandrere;2;alle;grunnskolepoeng;33,2
grunnskolepoeng;2014-2015;030110;1;innvandrere;2;alle;person;22
grunnskolepoeng;2014-2015;030110;1;innvandrere;alle;0_6;grunnskolepoeng;37
grunnskolepoeng;2014-2015;030110;1;innvandrere;alle;0_6;person;12
grunnskolepoeng;2014-2015;030110;1;innvandrere;alle;7+;grunnskolepoeng;29,4
grunnskolepoeng;2014-2015;030110;1;innvandrere;alle;7+;person;20
grunnskolepoeng;2014-2015;030110;1;innvandrere;alle;alle;grunnskolepoeng;32,2
grunnskolepoeng;2014-2015;030110;1;innvandrere;alle;alle;person;32
grunnskolepoeng;2014-2015;030110;1;norskfodte_m_innvf;NULL;NULL;grunnskolepoeng;36,4
grunnskolepoeng;2014-2015;030110;1;norskfodte_m_innvf;NULL;NULL;person;69
grunnskolepoeng;2014-2015;030110;0;alle;NULL;NULL;grunnskolepoeng;41
grunnskolepoeng;2014-2015;030110;0;alle;NULL;NULL;person;145
grunnskolepoeng;2014-2015;030110;0;bef_u_innv_og_norskf;NULL;NULL;grunnskolepoeng;42,8
grunnskolepoeng;2014-2015;030110;0;bef_u_innv_og_norskf;NULL;NULL;person;64
grunnskolepoeng;2014-2015;030110;0;befolkningen_ellers;NULL;NULL;grunnskolepoeng;41,6
grunnskolepoeng;2014-2015;030110;0;befolkningen_ellers;NULL;NULL;person;126
grunnskolepoeng;2014-2015;030110;0;innvandrere;1;0_6;grunnskolepoeng;0
grunnskolepoeng;2014-2015;030110;0;innvandrere;1;0_6;person;0
grunnskolepoeng;2014-2015;030110;0;innvandrere;1;7+;grunnskolepoeng;45,4
grunnskolepoeng;2014-2015;030110;0;innvandrere;1;7+;person;3
grunnskolepoeng;2014-2015;030110;0;innvandrere;1;alle;grunnskolepoeng;0
grunnskolepoeng;2014-2015;030110;0;innvandrere;1;alle;person;0
grunnskolepoeng;2014-2015;030110;0;innvandrere;2;0_6;grunnskolepoeng;40
grunnskolepoeng;2014-2015;030110;0;innvandrere;2;0_6;person;8
grunnskolepoeng;2014-2015;030110;0;innvandrere;2;7+;grunnskolepoeng;34,2
grunnskolepoeng;2014-2015;030110;0;innvandrere;2;7+;person;10
grunnskolepoeng;2014-2015;030110;0;innvandrere;2;alle;grunnskolepoeng;36,8
grunnskolepoeng;2014-2015;030110;0;innvandrere;2;alle;person;18
grunnskolepoeng;2014-2015;030110;0;innvandrere;alle;0_6;grunnskolepoeng;40
grunnskolepoeng;2014-2015;030110;0;innvandrere;alle;0_6;person;8
grunnskolepoeng;2014-2015;030110;0;innvandrere;alle;7+;grunnskolepoeng;35,2
grunnskolepoeng;2014-2015;030110;0;innvandrere;alle;7+;person;11
grunnskolepoeng;2014-2015;030110;0;innvandrere;alle;alle;grunnskolepoeng;37,2
grunnskolepoeng;2014-2015;030110;0;innvandrere;alle;alle;person;19
grunnskolepoeng;2014-2015;030110;0;norskfodte_m_innvf;NULL;NULL;grunnskolepoeng;40,2
grunnskolepoeng;2014-2015;030110;0;norskfodte_m_innvf;NULL;NULL;person;62
grunnskolepoeng;2014-2015;030111;alle;alle;NULL;NULL;grunnskolepoeng;38,8
grunnskolepoeng;2014-2015;030111;alle;alle;NULL;NULL;person;432
grunnskolepoeng;2014-2015;030111;alle;bef_u_innv_og_norskf;NULL;NULL;grunnskolepoeng;41,2
grunnskolepoeng;2014-2015;030111;alle;bef_u_innv_og_norskf;NULL;NULL;person;166
grunnskolepoeng;2014-2015;030111;alle;befolkningen_ellers;NULL;NULL;grunnskolepoeng;39,6
grunnskolepoeng;2014-2015;030111;alle;befolkningen_ellers;NULL;NULL;person;358
grunnskolepoeng;2014-2015;030111;alle;innvandrere;1;0_6;grunnskolepoeng;33,2
grunnskolepoeng;2014-2015;030111;alle;innvandrere;1;0_6;person;3
grunnskolepoeng;2014-2015;030111;alle;innvandrere;1;7+;grunnskolepoeng;37,4
grunnskolepoeng;2014-2015;030111;alle;innvandrere;1;7+;person;6
grunnskolepoeng;2014-2015;030111;alle;innvandrere;1;alle;grunnskolepoeng;36
grunnskolepoeng;2014-2015;030111;alle;innvandrere;1;alle;person;9
grunnskolepoeng;2014-2015;030111;alle;innvandrere;2;0_6;grunnskolepoeng;37,2
grunnskolepoeng;2014-2015;030111;alle;innvandrere;2;0_6;person;24
grunnskolepoeng;2014-2015;030111;alle;innvandrere;2;7+;grunnskolepoeng;33,6
grunnskolepoeng;2014-2015;030111;alle;innvandrere;2;7+;person;41
grunnskolepoeng;2014-2015;030111;alle;innvandrere;2;alle;grunnskolepoeng;35
grunnskolepoeng;2014-2015;030111;alle;innvandrere;2;alle;person;65
grunnskolepoeng;2014-2015;030111;alle;innvandrere;alle;0_6;grunnskolepoeng;36,8
grunnskolepoeng;2014-2015;030111;alle;innvandrere;alle;0_6;person;27
grunnskolepoeng;2014-2015;030111;alle;innvandrere;alle;7+;grunnskolepoeng;34
grunnskolepoeng;2014-2015;030111;alle;innvandrere;alle;7+;person;47
grunnskolepoeng;2014-2015;030111;alle;innvandrere;alle;alle;grunnskolepoeng;35
grunnskolepoeng;2014-2015;030111;alle;innvandrere;alle;alle;person;74
grunnskolepoeng;2014-2015;030111;alle;norskfodte_m_innvf;NULL;NULL;grunnskolepoeng;38,2
grunnskolepoeng;2014-2015;030111;alle;norskfodte_m_innvf;NULL;NULL;person;192
grunnskolepoeng;2014-2015;030111;1;alle;NULL;NULL;grunnskolepoeng;36,4
grunnskolepoeng;2014-2015;030111;1;alle;NULL;NULL;person;224
grunnskolepoeng;2014-2015;030111;1;bef_u_innv_og_norskf;NULL;NULL;grunnskolepoeng;39,2
grunnskolepoeng;2014-2015;030111;1;bef_u_innv_og_norskf;NULL;NULL;person;88
grunnskolepoeng;2014-2015;030111;1;befolkningen_ellers;NULL;NULL;grunnskolepoeng;37,4
grunnskolepoeng;2014-2015;030111;1;befolkningen_ellers;NULL;NULL;person;183
grunnskolepoeng;2014-2015;030111;1;innvandrere;1;0_6;grunnskolepoeng;33,2
grunnskolepoeng;2014-2015;030111;1;innvandrere;1;0_6;person;3
grunnskolepoeng;2014-2015;030111;1;innvandrere;1;7+;grunnskolepoeng;36,2
grunnskolepoeng;2014-2015;030111;1;innvandrere;1;7+;person;3
grunnskolepoeng;2014-2015;030111;1;innvandrere;1;alle;grunnskolepoeng;34,6
grunnskolepoeng;2014-2015;030111;1;innvandrere;1;alle;person;6
grunnskolepoeng;2014-2015;030111;1;innvandrere;2;0_6;grunnskolepoeng;35
grunnskolepoeng;2014-2015;030111;1;innvandrere;2;0_6;person;13
grunnskolepoeng;2014-2015;030111;1;innvandrere;2;7+;grunnskolepoeng;29,6
grunnskolepoeng;2014-2015;030111;1;innvandrere;2;7+;person;22
grunnskolepoeng;2014-2015;030111;1;innvandrere;2;alle;grunnskolepoeng;31,6
grunnskolepoeng;2014-2015;030111;1;innvandrere;2;alle;person;35
grunnskolepoeng;2014-2015;030111;1;innvandrere;alle;0_6;grunnskolepoeng;34,6
grunnskolepoeng;2014-2015;030111;1;innvandrere;alle;0_6;person;16
grunnskolepoeng;2014-2015;030111;1;innvandrere;alle;7+;grunnskolepoeng;30,4
grunnskolepoeng;2014-2015;030111;1;innvandrere;alle;7+;person;25
grunnskolepoeng;2014-2015;030111;1;innvandrere;alle;alle;grunnskolepoeng;32
grunnskolepoeng;2014-2015;030111;1;innvandrere;alle;alle;person;41
grunnskolepoeng;2014-2015;030111;1;norskfodte_m_innvf;NULL;NULL;grunnskolepoeng;35,8
grunnskolepoeng;2014-2015;030111;1;norskfodte_m_innvf;NULL;NULL;person;95
grunnskolepoeng;2014-2015;030111;0;alle;NULL;NULL;grunnskolepoeng;41,2
grunnskolepoeng;2014-2015;030111;0;alle;NULL;NULL;person;208
grunnskolepoeng;2014-2015;030111;0;bef_u_innv_og_norskf;NULL;NULL;grunnskolepoeng;43,4
grunnskolepoeng;2014-2015;030111;0;bef_u_innv_og_norskf;NULL;NULL;person;78
grunnskolepoeng;2014-2015;030111;0;befolkningen_ellers;NULL;NULL;grunnskolepoeng;41,8
grunnskolepoeng;2014-2015;030111;0;befolkningen_ellers;NULL;NULL;person;175
grunnskolepoeng;2014-2015;030111;0;innvandrere;1;0_6;grunnskolepoeng;0
grunnskolepoeng;2014-2015;030111;0;innvandrere;1;0_6;person;0
grunnskolepoeng;2014-2015;030111;0;innvandrere;1;7+;grunnskolepoeng;38,8
grunnskolepoeng;2014-2015;030111;0;innvandrere;1;7+;person;3
grunnskolepoeng;2014-2015;030111;0;innvandrere;1;alle;grunnskolepoeng;38,8
grunnskolepoeng;2014-2015;030111;0;innvandrere;1;alle;person;3
grunnskolepoeng;2014-2015;030111;0;innvandrere;2;0_6;grunnskolepoeng;39,8
grunnskolepoeng;2014-2015;030111;0;innvandrere;2;0_6;person;11
grunnskolepoeng;2014-2015;030111;0;innvandrere;2;7+;grunnskolepoeng;38
grunnskolepoeng;2014-2015;030111;0;innvandrere;2;7+;person;19
grunnskolepoeng;2014-2015;030111;0;innvandrere;2;alle;grunnskolepoeng;38,8
grunnskolepoeng;2014-2015;030111;0;innvandrere;2;alle;person;30
grunnskolepoeng;2014-2015;030111;0;innvandrere;alle;0_6;grunnskolepoeng;39,8
grunnskolepoeng;2014-2015;030111;0;innvandrere;alle;0_6;person;11
grunnskolepoeng;2014-2015;030111;0;innvandrere;alle;7+;grunnskolepoeng;38,2
grunnskolepoeng;2014-2015;030111;0;innvandrere;alle;7+;person;22
grunnskolepoeng;2014-2015;030111;0;innvandrere;alle;alle;grunnskolepoeng;38,8
grunnskolepoeng;2014-2015;030111;0;innvandrere;alle;alle;person;33
grunnskolepoeng;2014-2015;030111;0;norskfodte_m_innvf;NULL;NULL;grunnskolepoeng;40,2
grunnskolepoeng;2014-2015;030111;0;norskfodte_m_innvf;NULL;NULL;person;97
grunnskolepoeng;2014-2015;030112;alle;alle;NULL;NULL;grunnskolepoeng;38,4
grunnskolepoeng;2014-2015;030112;alle;alle;NULL;NULL;person;539
grunnskolepoeng;2014-2015;030112;alle;bef_u_innv_og_norskf;NULL;NULL;grunnskolepoeng;40,4
grunnskolepoeng;2014-2015;030112;alle;bef_u_innv_og_norskf;NULL;NULL;person;191
grunnskolepoeng;2014-2015;030112;alle;befolkningen_ellers;NULL;NULL;grunnskolepoeng;39,2
grunnskolepoeng;2014-2015;030112;alle;befolkningen_ellers;NULL;NULL;person;446
grunnskolepoeng;2014-2015;030112;alle;innvandrere;1;0_6;grunnskolepoeng;0
grunnskolepoeng;2014-2015;030112;alle;innvandrere;1;0_6;person;0
grunnskolepoeng;2014-2015;030112;alle;innvandrere;1;7+;grunnskolepoeng;31,8
grunnskolepoeng;2014-2015;030112;alle;innvandrere;1;7+;person;3
grunnskolepoeng;2014-2015;030112;alle;innvandrere;1;alle;grunnskolepoeng;29,8
grunnskolepoeng;2014-2015;030112;alle;innvandrere;1;alle;person;4
grunnskolepoeng;2014-2015;030112;alle;innvandrere;2;0_6;grunnskolepoeng;38
grunnskolepoeng;2014-2015;030112;alle;innvandrere;2;0_6;person;45
grunnskolepoeng;2014-2015;030112;alle;innvandrere;2;7+;grunnskolepoeng;31,8
grunnskolepoeng;2014-2015;030112;alle;innvandrere;2;7+;person;44
grunnskolepoeng;2014-2015;030112;alle;innvandrere;2;alle;grunnskolepoeng;35
grunnskolepoeng;2014-2015;030112;alle;innvandrere;2;alle;person;89
grunnskolepoeng;2014-2015;030112;alle;innvandrere;alle;0_6;grunnskolepoeng;37,6
grunnskolepoeng;2014-2015;030112;alle;innvandrere;alle;0_6;person;46
grunnskolepoeng;2014-2015;030112;alle;innvandrere;alle;7+;grunnskolepoeng;31,8
grunnskolepoeng;2014-2015;030112;alle;innvandrere;alle;7+;person;47
grunnskolepoeng;2014-2015;030112;alle;innvandrere;alle;alle;grunnskolepoeng;34,8
grunnskolepoeng;2014-2015;030112;alle;innvandrere;alle;alle;person;93
grunnskolepoeng;2014-2015;030112;alle;norskfodte_m_innvf;NULL;NULL;grunnskolepoeng;38,4
grunnskolepoeng;2014-2015;030112;alle;norskfodte_m_innvf;NULL;NULL;person;255
grunnskolepoeng;2014-2015;030112;1;alle;NULL;NULL;grunnskolepoeng;36,4
grunnskolepoeng;2014-2015;030112;1;alle;NULL;NULL;person;278
grunnskolepoeng;2014-2015;030112;1;bef_u_innv_og_norskf;NULL;NULL;grunnskolepoeng;38,4
grunnskolepoeng;2014-2015;030112;1;bef_u_innv_og_norskf;NULL;NULL;person;101
grunnskolepoeng;2014-2015;030112;1;befolkningen_ellers;NULL;NULL;grunnskolepoeng;37,2
grunnskolepoeng;2014-2015;030112;1;befolkningen_ellers;NULL;NULL;person;232
grunnskolepoeng;2014-2015;030112;1;innvandrere;1;0_6;grunnskolepoeng;0
grunnskolepoeng;2014-2015;030112;1;innvandrere;1;0_6;person;0
grunnskolepoeng;2014-2015;030112;1;innvandrere;1;7+;grunnskolepoeng;0
grunnskolepoeng;2014-2015;030112;1;innvandrere;1;7+;person;0
grunnskolepoeng;2014-2015;030112;1;innvandrere;1;alle;grunnskolepoeng;0
grunnskolepoeng;2014-2015;030112;1;innvandrere;1;alle;person;0
grunnskolepoeng;2014-2015;030112;1;innvandrere;2;0_6;grunnskolepoeng;35,2
grunnskolepoeng;2014-2015;030112;1;innvandrere;2;0_6;person;23
grunnskolepoeng;2014-2015;030112;1;innvandrere;2;7+;grunnskolepoeng;30,6
grunnskolepoeng;2014-2015;030112;1;innvandrere;2;7+;person;22
grunnskolepoeng;2014-2015;030112;1;innvandrere;2;alle;grunnskolepoeng;33
grunnskolepoeng;2014-2015;030112;1;innvandrere;2;alle;person;45
grunnskolepoeng;2014-2015;030112;1;innvandrere;alle;0_6;grunnskolepoeng;35,2
grunnskolepoeng;2014-2015;030112;1;innvandrere;alle;0_6;person;23
grunnskolepoeng;2014-2015;030112;1;innvandrere;alle;7+;grunnskolepoeng;30,6
grunnskolepoeng;2014-2015;030112;1;innvandrere;alle;7+;person;23
grunnskolepoeng;2014-2015;030112;1;innvandrere;alle;alle;grunnskolepoeng;33
grunnskolepoeng;2014-2015;030112;1;innvandrere;alle;alle;person;46
grunnskolepoeng;2014-2015;030112;1;norskfodte_m_innvf;NULL;NULL;grunnskolepoeng;36,2
grunnskolepoeng;2014-2015;030112;1;norskfodte_m_innvf;NULL;NULL;person;131
grunnskolepoeng;2014-2015;030112;0;alle;NULL;NULL;grunnskolepoeng;40,6
grunnskolepoeng;2014-2015;030112;0;alle;NULL;NULL;person;261
grunnskolepoeng;2014-2015;030112;0;bef_u_innv_og_norskf;NULL;NULL;grunnskolepoeng;42,6
grunnskolepoeng;2014-2015;030112;0;bef_u_innv_og_norskf;NULL;NULL;person;90
grunnskolepoeng;2014-2015;030112;0;befolkningen_ellers;NULL;NULL;grunnskolepoeng;41,4
grunnskolepoeng;2014-2015;030112;0;befolkningen_ellers;NULL;NULL;person;214
grunnskolepoeng;2014-2015;030112;0;innvandrere;1;0_6;grunnskolepoeng;0
grunnskolepoeng;2014-2015;030112;0;innvandrere;1;0_6;person;0
grunnskolepoeng;2014-2015;030112;0;innvandrere;1;7+;grunnskolepoeng;31,2
grunnskolepoeng;2014-2015;030112;0;innvandrere;1;7+;person;3
grunnskolepoeng;2014-2015;030112;0;innvandrere;1;alle;grunnskolepoeng;28,6
grunnskolepoeng;2014-2015;030112;0;innvandrere;1;alle;person;3
grunnskolepoeng;2014-2015;030112;0;innvandrere;2;0_6;grunnskolepoeng;40,8
grunnskolepoeng;2014-2015;030112;0;innvandrere;2;0_6;person;22
grunnskolepoeng;2014-2015;030112;0;innvandrere;2;7+;grunnskolepoeng;33,2
grunnskolepoeng;2014-2015;030112;0;innvandrere;2;7+;person;22
grunnskolepoeng;2014-2015;030112;0;innvandrere;2;alle;grunnskolepoeng;37
grunnskolepoeng;2014-2015;030112;0;innvandrere;2;alle;person;44
grunnskolepoeng;2014-2015;030112;0;innvandrere;alle;0_6;grunnskolepoeng;40,2
grunnskolepoeng;2014-2015;030112;0;innvandrere;alle;0_6;person;23
grunnskolepoeng;2014-2015;030112;0;innvandrere;alle;7+;grunnskolepoeng;33
grunnskolepoeng;2014-2015;030112;0;innvandrere;alle;7+;person;24
grunnskolepoeng;2014-2015;030112;0;innvandrere;alle;alle;grunnskolepoeng;36,6
grunnskolepoeng;2014-2015;030112;0;innvandrere;alle;alle;person;47
grunnskolepoeng;2014-2015;030112;0;norskfodte_m_innvf;NULL;NULL;grunnskolepoeng;40,6
grunnskolepoeng;2014-2015;030112;0;norskfodte_m_innvf;NULL;NULL;person;124
grunnskolepoeng;2014-2015;030113;alle;alle;NULL;NULL;grunnskolepoeng;41
grunnskolepoeng;2014-2015;030113;alle;alle;NULL;NULL;person;524
grunnskolepoeng;2014-2015;030113;alle;bef_u_innv_og_norskf;NULL;NULL;grunnskolepoeng;42,6
grunnskolepoeng;2014-2015;030113;alle;bef_u_innv_og_norskf;NULL;NULL;person;383
grunnskolepoeng;2014-2015;030113;alle;befolkningen_ellers;NULL;NULL;grunnskolepoeng;41,8
grunnskolepoeng;2014-2015;030113;alle;befolkningen_ellers;NULL;NULL;person;464
grunnskolepoeng;2014-2015;030113;alle;innvandrere;1;0_6;grunnskolepoeng;47,6
grunnskolepoeng;2014-2015;030113;alle;innvandrere;1;0_6;person;3
grunnskolepoeng;2014-2015;030113;alle;innvandrere;1;7+;grunnskolepoeng;33
grunnskolepoeng;2014-2015;030113;alle;innvandrere;1;7+;person;15
grunnskolepoeng;2014-2015;030113;alle;innvandrere;1;alle;grunnskolepoeng;35,4
grunnskolepoeng;2014-2015;030113;alle;innvandrere;1;alle;person;18
grunnskolepoeng;2014-2015;030113;alle;innvandrere;2;0_6;grunnskolepoeng;37,8
grunnskolepoeng;2014-2015;030113;alle;innvandrere;2;0_6;person;20
grunnskolepoeng;2014-2015;030113;alle;innvandrere;2;7+;grunnskolepoeng;31,6
grunnskolepoeng;2014-2015;030113;alle;innvandrere;2;7+;person;22
grunnskolepoeng;2014-2015;030113;alle;innvandrere;2;alle;grunnskolepoeng;34,6
grunnskolepoeng;2014-2015;030113;alle;innvandrere;2;alle;person;42
grunnskolepoeng;2014-2015;030113;alle;innvandrere;alle;0_6;grunnskolepoeng;39
grunnskolepoeng;2014-2015;030113;alle;innvandrere;alle;0_6;person;23
grunnskolepoeng;2014-2015;030113;alle;innvandrere;alle;7+;grunnskolepoeng;32,2
grunnskolepoeng;2014-2015;030113;alle;innvandrere;alle;7+;person;37
grunnskolepoeng;2014-2015;030113;alle;innvandrere;alle;alle;grunnskolepoeng;34,8
grunnskolepoeng;2014-2015;030113;alle;innvandrere;alle;alle;person;60
grunnskolepoeng;2014-2015;030113;alle;norskfodte_m_innvf;NULL;NULL;grunnskolepoeng;38,6
grunnskolepoeng;2014-2015;030113;alle;norskfodte_m_innvf;NULL;NULL;person;81
grunnskolepoeng;2014-2015;030113;1;alle;NULL;NULL;grunnskolepoeng;39,2
grunnskolepoeng;2014-2015;030113;1;alle;NULL;NULL;person;271
grunnskolepoeng;2014-2015;030113;1;bef_u_innv_og_norskf;NULL;NULL;grunnskolepoeng;40,6
grunnskolepoeng;2014-2015;030113;1;bef_u_innv_og_norskf;NULL;NULL;person;193
grunnskolepoeng;2014-2015;030113;1;befolkningen_ellers;NULL;NULL;grunnskolepoeng;39,8
grunnskolepoeng;2014-2015;030113;1;befolkningen_ellers;NULL;NULL;person;239
grunnskolepoeng;2014-2015;030113;1;innvandrere;1;0_6;grunnskolepoeng;51,2
grunnskolepoeng;2014-2015;030113;1;innvandrere;1;0_6;person;3
grunnskolepoeng;2014-2015;030113;1;innvandrere;1;7+;grunnskolepoeng;32,6
grunnskolepoeng;2014-2015;030113;1;innvandrere;1;7+;person;8
grunnskolepoeng;2014-2015;030113;1;innvandrere;1;alle;grunnskolepoeng;36,4
grunnskolepoeng;2014-2015;030113;1;innvandrere;1;alle;person;10
grunnskolepoeng;2014-2015;030113;1;innvandrere;2;0_6;grunnskolepoeng;35,4
grunnskolepoeng;2014-2015;030113;1;innvandrere;2;0_6;person;12
grunnskolepoeng;2014-2015;030113;1;innvandrere;2;7+;grunnskolepoeng;30,2
grunnskolepoeng;2014-2015;030113;1;innvandrere;2;7+;person;10
grunnskolepoeng;2014-2015;030113;1;innvandrere;2;alle;grunnskolepoeng;33
grunnskolepoeng;2014-2015;030113;1;innvandrere;2;alle;person;22
grunnskolepoeng;2014-2015;030113;1;innvandrere;alle;0_6;grunnskolepoeng;37,8
grunnskolepoeng;2014-2015;030113;1;innvandrere;alle;0_6;person;14
grunnskolepoeng;2014-2015;030113;1;innvandrere;alle;7+;grunnskolepoeng;31,2
grunnskolepoeng;2014-2015;030113;1;innvandrere;alle;7+;person;18
grunnskolepoeng;2014-2015;030113;1;innvandrere;alle;alle;grunnskolepoeng;34
grunnskolepoeng;2014-2015;030113;1;innvandrere;alle;alle;person;32
grunnskolepoeng;2014-2015;030113;1;norskfodte_m_innvf;NULL;NULL;grunnskolepoeng;36,8
grunnskolepoeng;2014-2015;030113;1;norskfodte_m_innvf;NULL;NULL;person;46
grunnskolepoeng;2014-2015;030113;0;alle;NULL;NULL;grunnskolepoeng;43
grunnskolepoeng;2014-2015;030113;0;alle;NULL;NULL;person;253
grunnskolepoeng;2014-2015;030113;0;bef_u_innv_og_norskf;NULL;NULL;grunnskolepoeng;44,4
grunnskolepoeng;2014-2015;030113;0;bef_u_innv_og_norskf;NULL;NULL;person;190
grunnskolepoeng;2014-2015;030113;0;befolkningen_ellers;NULL;NULL;grunnskolepoeng;44
grunnskolepoeng;2014-2015;030113;0;befolkningen_ellers;NULL;NULL;person;225
grunnskolepoeng;2014-2015;030113;0;innvandrere;1;0_6;grunnskolepoeng;0
grunnskolepoeng;2014-2015;030113;0;innvandrere;1;0_6;person;0
grunnskolepoeng;2014-2015;030113;0;innvandrere;1;7+;grunnskolepoeng;33,6
grunnskolepoeng;2014-2015;030113;0;innvandrere;1;7+;person;7
grunnskolepoeng;2014-2015;030113;0;innvandrere;1;alle;grunnskolepoeng;34,4
grunnskolepoeng;2014-2015;030113;0;innvandrere;1;alle;person;8
grunnskolepoeng;2014-2015;030113;0;innvandrere;2;0_6;grunnskolepoeng;41,2
grunnskolepoeng;2014-2015;030113;0;innvandrere;2;0_6;person;8
grunnskolepoeng;2014-2015;030113;0;innvandrere;2;7+;grunnskolepoeng;33
grunnskolepoeng;2014-2015;030113;0;innvandrere;2;7+;person;12
grunnskolepoeng;2014-2015;030113;0;innvandrere;2;alle;grunnskolepoeng;36,2
grunnskolepoeng;2014-2015;030113;0;innvandrere;2;alle;person;20
grunnskolepoeng;2014-2015;030113;0;innvandrere;alle;0_6;grunnskolepoeng;41,2
grunnskolepoeng;2014-2015;030113;0;innvandrere;alle;0_6;person;9
grunnskolepoeng;2014-2015;030113;0;innvandrere;alle;7+;grunnskolepoeng;33,2
grunnskolepoeng;2014-2015;030113;0;innvandrere;alle;7+;person;19
grunnskolepoeng;2014-2015;030113;0;innvandrere;alle;alle;grunnskolepoeng;35,8
grunnskolepoeng;2014-2015;030113;0;innvandrere;alle;alle;person;28
grunnskolepoeng;2014-2015;030113;0;norskfodte_m_innvf;NULL;NULL;grunnskolepoeng;41,2
grunnskolepoeng;2014-2015;030113;0;norskfodte_m_innvf;NULL;NULL;person;35
grunnskolepoeng;2014-2015;030114;alle;alle;NULL;NULL;grunnskolepoeng;43,4
grunnskolepoeng;2014-2015;030114;alle;alle;NULL;NULL;person;526
grunnskolepoeng;2014-2015;030114;alle;bef_u_innv_og_norskf;NULL;NULL;grunnskolepoeng;44,2
grunnskolepoeng;2014-2015;030114;alle;bef_u_innv_og_norskf;NULL;NULL;person;478
grunnskolepoeng;2014-2015;030114;alle;befolkningen_ellers;NULL;NULL;grunnskolepoeng;43,8
grunnskolepoeng;2014-2015;030114;alle;befolkningen_ellers;NULL;NULL;person;504
grunnskolepoeng;2014-2015;030114;alle;innvandrere;1;0_6;grunnskolepoeng;43,6
grunnskolepoeng;2014-2015;030114;alle;innvandrere;1;0_6;person;3
grunnskolepoeng;2014-2015;030114;alle;innvandrere;1;7+;grunnskolepoeng;43,6
grunnskolepoeng;2014-2015;030114;alle;innvandrere;1;7+;person;3
grunnskolepoeng;2014-2015;030114;alle;innvandrere;1;alle;grunnskolepoeng;43,6
grunnskolepoeng;2014-2015;030114;alle;innvandrere;1;alle;person;5
grunnskolepoeng;2014-2015;030114;alle;innvandrere;2;0_6;grunnskolepoeng;42
grunnskolepoeng;2014-2015;030114;alle;innvandrere;2;0_6;person;5
grunnskolepoeng;2014-2015;030114;alle;innvandrere;2;7+;grunnskolepoeng;31,2
grunnskolepoeng;2014-2015;030114;alle;innvandrere;2;7+;person;12
grunnskolepoeng;2014-2015;030114;alle;innvandrere;2;alle;grunnskolepoeng;34,4
grunnskolepoeng;2014-2015;030114;alle;innvandrere;2;alle;person;17
grunnskolepoeng;2014-2015;030114;alle;innvandrere;alle;0_6;grunnskolepoeng;42,6
grunnskolepoeng;2014-2015;030114;alle;innvandrere;alle;0_6;person;8
grunnskolepoeng;2014-2015;030114;alle;innvandrere;alle;7+;grunnskolepoeng;33
grunnskolepoeng;2014-2015;030114;alle;innvandrere;alle;7+;person;14
grunnskolepoeng;2014-2015;030114;alle;innvandrere;alle;alle;grunnskolepoeng;36,6
grunnskolepoeng;2014-2015;030114;alle;innvandrere;alle;alle;person;22
grunnskolepoeng;2014-2015;030114;alle;norskfodte_m_innvf;NULL;NULL;grunnskolepoeng;38,2
grunnskolepoeng;2014-2015;030114;alle;norskfodte_m_innvf;NULL;NULL;person;26
grunnskolepoeng;2014-2015;030114;1;alle;NULL;NULL;grunnskolepoeng;41,6
grunnskolepoeng;2014-2015;030114;1;alle;NULL;NULL;person;259
grunnskolepoeng;2014-2015;030114;1;bef_u_innv_og_norskf;NULL;NULL;grunnskolepoeng;42,2
grunnskolepoeng;2014-2015;030114;1;bef_u_innv_og_norskf;NULL;NULL;person;233
grunnskolepoeng;2014-2015;030114;1;befolkningen_ellers;NULL;NULL;grunnskolepoeng;42
grunnskolepoeng;2014-2015;030114;1;befolkningen_ellers;NULL;NULL;person;248
grunnskolepoeng;2014-2015;030114;1;innvandrere;1;0_6;grunnskolepoeng;0
grunnskolepoeng;2014-2015;030114;1;innvandrere;1;0_6;person;0
grunnskolepoeng;2014-2015;030114;1;innvandrere;1;7+;grunnskolepoeng;43,6
grunnskolepoeng;2014-2015;030114;1;innvandrere;1;7+;person;3
grunnskolepoeng;2014-2015;030114;1;innvandrere;1;alle;grunnskolepoeng;43,6
grunnskolepoeng;2014-2015;030114;1;innvandrere;1;alle;person;3
grunnskolepoeng;2014-2015;030114;1;innvandrere;2;0_6;grunnskolepoeng;0
grunnskolepoeng;2014-2015;030114;1;innvandrere;2;0_6;person;0
grunnskolepoeng;2014-2015;030114;1;innvandrere;2;7+;grunnskolepoeng;32,2
grunnskolepoeng;2014-2015;030114;1;innvandrere;2;7+;person;7
grunnskolepoeng;2014-2015;030114;1;innvandrere;2;alle;grunnskolepoeng;33
grunnskolepoeng;2014-2015;030114;1;innvandrere;2;alle;person;9
grunnskolepoeng;2014-2015;030114;1;innvandrere;alle;0_6;grunnskolepoeng;35,8
grunnskolepoeng;2014-2015;030114;1;innvandrere;alle;0_6;person;3
grunnskolepoeng;2014-2015;030114;1;innvandrere;alle;7+;grunnskolepoeng;34,6
grunnskolepoeng;2014-2015;030114;1;innvandrere;alle;7+;person;9
grunnskolepoeng;2014-2015;030114;1;innvandrere;alle;alle;grunnskolepoeng;34,8
grunnskolepoeng;2014-2015;030114;1;innvandrere;alle;alle;person;11
grunnskolepoeng;2014-2015;030114;1;norskfodte_m_innvf;NULL;NULL;grunnskolepoeng;36,8
grunnskolepoeng;2014-2015;030114;1;norskfodte_m_innvf;NULL;NULL;person;15
grunnskolepoeng;2014-2015;030114;0;alle;NULL;NULL;grunnskolepoeng;45,4
grunnskolepoeng;2014-2015;030114;0;alle;NULL;NULL;person;267
grunnskolepoeng;2014-2015;030114;0;bef_u_innv_og_norskf;NULL;NULL;grunnskolepoeng;45,8
grunnskolepoeng;2014-2015;030114;0;bef_u_innv_og_norskf;NULL;NULL;person;245
grunnskolepoeng;2014-2015;030114;0;befolkningen_ellers;NULL;NULL;grunnskolepoeng;45,6
grunnskolepoeng;2014-2015;030114;0;befolkningen_ellers;NULL;NULL;person;256
grunnskolepoeng;2014-2015;030114;0;innvandrere;1;0_6;grunnskolepoeng;43,6
grunnskolepoeng;2014-2015;030114;0;innvandrere;1;0_6;person;3
grunnskolepoeng;2014-2015;030114;0;innvandrere;1;7+;grunnskolepoeng;0
grunnskolepoeng;2014-2015;030114;0;innvandrere;1;7+;person;0
grunnskolepoeng;2014-2015;030114;0;innvandrere;1;alle;grunnskolepoeng;43,6
grunnskolepoeng;2014-2015;030114;0;innvandrere;1;alle;person;3
grunnskolepoeng;2014-2015;030114;0;innvandrere;2;0_6;grunnskolepoeng;46
grunnskolepoeng;2014-2015;030114;0;innvandrere;2;0_6;person;3
grunnskolepoeng;2014-2015;030114;0;innvandrere;2;7+;grunnskolepoeng;30,2
grunnskolepoeng;2014-2015;030114;0;innvandrere;2;7+;person;5
grunnskolepoeng;2014-2015;030114;0;innvandrere;2;alle;grunnskolepoeng;36,2
grunnskolepoeng;2014-2015;030114;0;innvandrere;2;alle;person;8
grunnskolepoeng;2014-2015;030114;0;innvandrere;alle;0_6;grunnskolepoeng;44,8
grunnskolepoeng;2014-2015;030114;0;innvandrere;alle;0_6;person;6
grunnskolepoeng;2014-2015;030114;0;innvandrere;alle;7+;grunnskolepoeng;30,2
grunnskolepoeng;2014-2015;030114;0;innvandrere;alle;7+;person;5
grunnskolepoeng;2014-2015;030114;0;innvandrere;alle;alle;grunnskolepoeng;38,2
grunnskolepoeng;2014-2015;030114;0;innvandrere;alle;alle;person;11
grunnskolepoeng;2014-2015;030114;0;norskfodte_m_innvf;NULL;NULL;grunnskolepoeng;40
grunnskolepoeng;2014-2015;030114;0;norskfodte_m_innvf;NULL;NULL;person;11
grunnskolepoeng;2014-2015;030115;alle;alle;NULL;NULL;grunnskolepoeng;37,8
grunnskolepoeng;2014-2015;030115;alle;alle;NULL;NULL;person;510
grunnskolepoeng;2014-2015;030115;alle;bef_u_innv_og_norskf;NULL;NULL;grunnskolepoeng;40,2
grunnskolepoeng;2014-2015;030115;alle;bef_u_innv_og_norskf;NULL;NULL;person;217
grunnskolepoeng;2014-2015;030115;alle;befolkningen_ellers;NULL;NULL;grunnskolepoeng;38,6
grunnskolepoeng;2014-2015;030115;alle;befolkningen_ellers;NULL;NULL;person;441
grunnskolepoeng;2014-2015;030115;alle;innvandrere;1;0_6;grunnskolepoeng;44,6
grunnskolepoeng;2014-2015;030115;alle;innvandrere;1;0_6;person;4
grunnskolepoeng;2014-2015;030115;alle;innvandrere;1;7+;grunnskolepoeng;32,8
grunnskolepoeng;2014-2015;030115;alle;innvandrere;1;7+;person;16
grunnskolepoeng;2014-2015;030115;alle;innvandrere;1;alle;grunnskolepoeng;35,2
grunnskolepoeng;2014-2015;030115;alle;innvandrere;1;alle;person;20
grunnskolepoeng;2014-2015;030115;alle;innvandrere;2;0_6;grunnskolepoeng;34,8
grunnskolepoeng;2014-2015;030115;alle;innvandrere;2;0_6;person;26
grunnskolepoeng;2014-2015;030115;alle;innvandrere;2;7+;grunnskolepoeng;28
grunnskolepoeng;2014-2015;030115;alle;innvandrere;2;7+;person;23
grunnskolepoeng;2014-2015;030115;alle;innvandrere;2;alle;grunnskolepoeng;31,6
grunnskolepoeng;2014-2015;030115;alle;innvandrere;2;alle;person;49
grunnskolepoeng;2014-2015;030115;alle;innvandrere;alle;0_6;grunnskolepoeng;36
grunnskolepoeng;2014-2015;030115;alle;innvandrere;alle;0_6;person;30
grunnskolepoeng;2014-2015;030115;alle;innvandrere;alle;7+;grunnskolepoeng;30
grunnskolepoeng;2014-2015;030115;alle;innvandrere;alle;7+;person;39
grunnskolepoeng;2014-2015;030115;alle;innvandrere;alle;alle;grunnskolepoeng;32,6
grunnskolepoeng;2014-2015;030115;alle;innvandrere;alle;alle;person;69
grunnskolepoeng;2014-2015;030115;alle;norskfodte_m_innvf;NULL;NULL;grunnskolepoeng;36,8
grunnskolepoeng;2014-2015;030115;alle;norskfodte_m_innvf;NULL;NULL;person;224
grunnskolepoeng;2014-2015;030115;1;alle;NULL;NULL;grunnskolepoeng;36
grunnskolepoeng;2014-2015;030115;1;alle;NULL;NULL;person;283
grunnskolepoeng;2014-2015;030115;1;bef_u_innv_og_norskf;NULL;NULL;grunnskolepoeng;38,8
grunnskolepoeng;2014-2015;030115;1;bef_u_innv_og_norskf;NULL;NULL;person;130
grunnskolepoeng;2014-2015;030115;1;befolkningen_ellers;NULL;NULL;grunnskolepoeng;37
grunnskolepoeng;2014-2015;030115;1;befolkningen_ellers;NULL;NULL;person;246
grunnskolepoeng;2014-2015;030115;1;innvandrere;1;0_6;grunnskolepoeng;0
grunnskolepoeng;2014-2015;030115;1;innvandrere;1;0_6;person;0
grunnskolepoeng;2014-2015;030115;1;innvandrere;1;7+;grunnskolepoeng;32,8
grunnskolepoeng;2014-2015;030115;1;innvandrere;1;7+;person;8
grunnskolepoeng;2014-2015;030115;1;innvandrere;1;alle;grunnskolepoeng;35,8
grunnskolepoeng;2014-2015;030115;1;innvandrere;1;alle;person;10
grunnskolepoeng;2014-2015;030115;1;innvandrere;2;0_6;grunnskolepoeng;32
grunnskolepoeng;2014-2015;030115;1;innvandrere;2;0_6;person;12
grunnskolepoeng;2014-2015;030115;1;innvandrere;2;7+;grunnskolepoeng;25,2
grunnskolepoeng;2014-2015;030115;1;innvandrere;2;7+;person;15
grunnskolepoeng;2014-2015;030115;1;innvandrere;2;alle;grunnskolepoeng;28,2
grunnskolepoeng;2014-2015;030115;1;innvandrere;2;alle;person;27
grunnskolepoeng;2014-2015;030115;1;innvandrere;alle;0_6;grunnskolepoeng;34,2
grunnskolepoeng;2014-2015;030115;1;innvandrere;alle;0_6;person;14
grunnskolepoeng;2014-2015;030115;1;innvandrere;alle;7+;grunnskolepoeng;27,8
grunnskolepoeng;2014-2015;030115;1;innvandrere;alle;7+;person;23
grunnskolepoeng;2014-2015;030115;1;innvandrere;alle;alle;grunnskolepoeng;30,2
grunnskolepoeng;2014-2015;030115;1;innvandrere;alle;alle;person;37
grunnskolepoeng;2014-2015;030115;1;norskfodte_m_innvf;NULL;NULL;grunnskolepoeng;34,8
grunnskolepoeng;2014-2015;030115;1;norskfodte_m_innvf;NULL;NULL;person;116
grunnskolepoeng;2014-2015;030115;0;alle;NULL;NULL;grunnskolepoeng;39,8
grunnskolepoeng;2014-2015;030115;0;alle;NULL;NULL;person;227
grunnskolepoeng;2014-2015;030115;0;bef_u_innv_og_norskf;NULL;NULL;grunnskolepoeng;42,4
grunnskolepoeng;2014-2015;030115;0;bef_u_innv_og_norskf;NULL;NULL;person;87
grunnskolepoeng;2014-2015;030115;0;befolkningen_ellers;NULL;NULL;grunnskolepoeng;40,6
grunnskolepoeng;2014-2015;030115;0;befolkningen_ellers;NULL;NULL;person;195
grunnskolepoeng;2014-2015;030115;0;innvandrere;1;0_6;grunnskolepoeng;41,4
grunnskolepoeng;2014-2015;030115;0;innvandrere;1;0_6;person;3
grunnskolepoeng;2014-2015;030115;0;innvandrere;1;7+;grunnskolepoeng;32,8
grunnskolepoeng;2014-2015;030115;0;innvandrere;1;7+;person;8
grunnskolepoeng;2014-2015;030115;0;innvandrere;1;alle;grunnskolepoeng;34,6
grunnskolepoeng;2014-2015;030115;0;innvandrere;1;alle;person;10
grunnskolepoeng;2014-2015;030115;0;innvandrere;2;0_6;grunnskolepoeng;37,2
grunnskolepoeng;2014-2015;030115;0;innvandrere;2;0_6;person;14
grunnskolepoeng;2014-2015;030115;0;innvandrere;2;7+;grunnskolepoeng;33,2
grunnskolepoeng;2014-2015;030115;0;innvandrere;2;7+;person;8
grunnskolepoeng;2014-2015;030115;0;innvandrere;2;alle;grunnskolepoeng;35,8
grunnskolepoeng;2014-2015;030115;0;innvandrere;2;alle;person;22
grunnskolepoeng;2014-2015;030115;0;innvandrere;alle;0_6;grunnskolepoeng;37,8
grunnskolepoeng;2014-2015;030115;0;innvandrere;alle;0_6;person;16
grunnskolepoeng;2014-2015;030115;0;innvandrere;alle;7+;grunnskolepoeng;33
grunnskolepoeng;2014-2015;030115;0;innvandrere;alle;7+;person;16
grunnskolepoeng;2014-2015;030115;0;innvandrere;alle;alle;grunnskolepoeng;35,4
grunnskolepoeng;2014-2015;030115;0;innvandrere;alle;alle;person;32
grunnskolepoeng;2014-2015;030115;0;norskfodte_m_innvf;NULL;NULL;grunnskolepoeng;39,2
grunnskolepoeng;2014-2015;030115;0;norskfodte_m_innvf;NULL;NULL;person;108
grunnskolepoeng;2014-2015;030117;alle;alle;NULL;NULL;grunnskolepoeng;42,2
grunnskolepoeng;2014-2015;030117;alle;alle;NULL;NULL;person;23
grunnskolepoeng;2014-2015;030117;alle;bef_u_innv_og_norskf;NULL;NULL;grunnskolepoeng;42,8
grunnskolepoeng;2014-2015;030117;alle;bef_u_innv_og_norskf;NULL;NULL;person;22
grunnskolepoeng;2014-2015;030117;alle;befolkningen_ellers;NULL;NULL;grunnskolepoeng;42,8
grunnskolepoeng;2014-2015;030117;alle;befolkningen_ellers;NULL;NULL;person;22
grunnskolepoeng;2014-2015;030117;alle;innvandrere;1;0_6;grunnskolepoeng;0
grunnskolepoeng;2014-2015;030117;alle;innvandrere;1;0_6;person;0
grunnskolepoeng;2014-2015;030117;alle;innvandrere;1;7+;grunnskolepoeng;0
grunnskolepoeng;2014-2015;030117;alle;innvandrere;1;7+;person;0
grunnskolepoeng;2014-2015;030117;alle;innvandrere;1;alle;grunnskolepoeng;0
grunnskolepoeng;2014-2015;030117;alle;innvandrere;1;alle;person;0
grunnskolepoeng;2014-2015;030117;alle;innvandrere;2;0_6;grunnskolepoeng;0
grunnskolepoeng;2014-2015;030117;alle;innvandrere;2;0_6;person;0
grunnskolepoeng;2014-2015;030117;alle;innvandrere;2;7+;grunnskolepoeng;0
grunnskolepoeng;2014-2015;030117;alle;innvandrere;2;7+;person;0
grunnskolepoeng;2014-2015;030117;alle;innvandrere;2;alle;grunnskolepoeng;0
grunnskolepoeng;2014-2015;030117;alle;innvandrere;2;alle;person;0
grunnskolepoeng;2014-2015;030117;alle;innvandrere;alle;0_6;grunnskolepoeng;0
grunnskolepoeng;2014-2015;030117;alle;innvandrere;alle;0_6;person;0
grunnskolepoeng;2014-2015;030117;alle;innvandrere;alle;7+;grunnskolepoeng;0
grunnskolepoeng;2014-2015;030117;alle;innvandrere;alle;7+;person;0
grunnskolepoeng;2014-2015;030117;alle;innvandrere;alle;alle;grunnskolepoeng;0
grunnskolepoeng;2014-2015;030117;alle;innvandrere;alle;alle;person;0
grunnskolepoeng;2014-2015;030117;alle;norskfodte_m_innvf;NULL;NULL;grunnskolepoeng;0
grunnskolepoeng;2014-2015;030117;alle;norskfodte_m_innvf;NULL;NULL;person;0
grunnskolepoeng;2014-2015;030117;1;alle;NULL;NULL;grunnskolepoeng;37,4
grunnskolepoeng;2014-2015;030117;1;alle;NULL;NULL;person;14
grunnskolepoeng;2014-2015;030117;1;bef_u_innv_og_norskf;NULL;NULL;grunnskolepoeng;38
grunnskolepoeng;2014-2015;030117;1;bef_u_innv_og_norskf;NULL;NULL;person;13
grunnskolepoeng;2014-2015;030117;1;befolkningen_ellers;NULL;NULL;grunnskolepoeng;38
grunnskolepoeng;2014-2015;030117;1;befolkningen_ellers;NULL;NULL;person;13
grunnskolepoeng;2014-2015;030117;1;innvandrere;1;0_6;grunnskolepoeng;0
grunnskolepoeng;2014-2015;030117;1;innvandrere;1;0_6;person;0
grunnskolepoeng;2014-2015;030117;1;innvandrere;1;7+;grunnskolepoeng;0
grunnskolepoeng;2014-2015;030117;1;innvandrere;1;7+;person;0
grunnskolepoeng;2014-2015;030117;1;innvandrere;1;alle;grunnskolepoeng;0
grunnskolepoeng;2014-2015;030117;1;innvandrere;1;alle;person;0
grunnskolepoeng;2014-2015;030117;1;innvandrere;2;0_6;grunnskolepoeng;0
grunnskolepoeng;2014-2015;030117;1;innvandrere;2;0_6;person;0
grunnskolepoeng;2014-2015;030117;1;innvandrere;2;7+;grunnskolepoeng;0
grunnskolepoeng;2014-2015;030117;1;innvandrere;2;7+;person;0
grunnskolepoeng;2014-2015;030117;1;innvandrere;2;alle;grunnskolepoeng;0
grunnskolepoeng;2014-2015;030117;1;innvandrere;2;alle;person;0
grunnskolepoeng;2014-2015;030117;1;innvandrere;alle;0_6;grunnskolepoeng;0
grunnskolepoeng;2014-2015;030117;1;innvandrere;alle;0_6;person;0
grunnskolepoeng;2014-2015;030117;1;innvandrere;alle;7+;grunnskolepoeng;0
grunnskolepoeng;2014-2015;030117;1;innvandrere;alle;7+;person;0
grunnskolepoeng;2014-2015;030117;1;innvandrere;alle;alle;grunnskolepoeng;0
grunnskolepoeng;2014-2015;030117;1;innvandrere;alle;alle;person;0
grunnskolepoeng;2014-2015;030117;1;norskfodte_m_innvf;NULL;NULL;grunnskolepoeng;0
grunnskolepoeng;2014-2015;030117;1;norskfodte_m_innvf;NULL;NULL;person;0
grunnskolepoeng;2014-2015;030117;0;alle;NULL;NULL;grunnskolepoeng;49,6
grunnskolepoeng;2014-2015;030117;0;alle;NULL;NULL;person;9
grunnskolepoeng;2014-2015;030117;0;bef_u_innv_og_norskf;NULL;NULL;grunnskolepoeng;49,6
grunnskolepoeng;2014-2015;030117;0;bef_u_innv_og_norskf;NULL;NULL;person;9
grunnskolepoeng;2014-2015;030117;0;befolkningen_ellers;NULL;NULL;grunnskolepoeng;49,6
grunnskolepoeng;2014-2015;030117;0;befolkningen_ellers;NULL;NULL;person;9
grunnskolepoeng;2014-2015;030117;0;innvandrere;1;0_6;grunnskolepoeng;0
grunnskolepoeng;2014-2015;030117;0;innvandrere;1;0_6;person;0
grunnskolepoeng;2014-2015;030117;0;innvandrere;1;7+;grunnskolepoeng;0
grunnskolepoeng;2014-2015;030117;0;innvandrere;1;7+;person;0
grunnskolepoeng;2014-2015;030117;0;innvandrere;1;alle;grunnskolepoeng;0
grunnskolepoeng;2014-2015;030117;0;innvandrere;1;alle;person;0
grunnskolepoeng;2014-2015;030117;0;innvandrere;2;0_6;grunnskolepoeng;0
grunnskolepoeng;2014-2015;030117;0;innvandrere;2;0_6;person;0
grunnskolepoeng;2014-2015;030117;0;innvandrere;2;7+;grunnskolepoeng;0
grunnskolepoeng;2014-2015;030117;0;innvandrere;2;7+;person;0
grunnskolepoeng;2014-2015;030117;0;innvandrere;2;alle;grunnskolepoeng;0
grunnskolepoeng;2014-2015;030117;0;innvandrere;2;alle;person;0
grunnskolepoeng;2014-2015;030117;0;innvandrere;alle;0_6;grunnskolepoeng;0
grunnskolepoeng;2014-2015;030117;0;innvandrere;alle;0_6;person;0
grunnskolepoeng;2014-2015;030117;0;innvandrere;alle;7+;grunnskolepoeng;0
grunnskolepoeng;2014-2015;030117;0;innvandrere;alle;7+;person;0
grunnskolepoeng;2014-2015;030117;0;innvandrere;alle;alle;grunnskolepoeng;0
grunnskolepoeng;2014-2015;030117;0;innvandrere;alle;alle;person;0
grunnskolepoeng;2014-2015;030117;0;norskfodte_m_innvf;NULL;NULL;grunnskolepoeng;0
grunnskolepoeng;2014-2015;030117;0;norskfodte_m_innvf;NULL;NULL;person;0
grunnskolepoeng;2014-2015;030199;alle;alle;NULL;NULL;grunnskolepoeng;34
grunnskolepoeng;2014-2015;030199;alle;alle;NULL;NULL;person;20
grunnskolepoeng;2014-2015;030199;alle;bef_u_innv_og_norskf;NULL;NULL;grunnskolepoeng;41
grunnskolepoeng;2014-2015;030199;alle;bef_u_innv_og_norskf;NULL;NULL;person;6
grunnskolepoeng;2014-2015;030199;alle;befolkningen_ellers;NULL;NULL;grunnskolepoeng;35,4
grunnskolepoeng;2014-2015;030199;alle;befolkningen_ellers;NULL;NULL;person;17
grunnskolepoeng;2014-2015;030199;alle;innvandrere;1;0_6;grunnskolepoeng;0
grunnskolepoeng;2014-2015;030199;alle;innvandrere;1;0_6;person;0
grunnskolepoeng;2014-2015;030199;alle;innvandrere;1;7+;grunnskolepoeng;0
grunnskolepoeng;2014-2015;030199;alle;innvandrere;1;7+;person;0
grunnskolepoeng;2014-2015;030199;alle;innvandrere;1;alle;grunnskolepoeng;0
grunnskolepoeng;2014-2015;030199;alle;innvandrere;1;alle;person;0
grunnskolepoeng;2014-2015;030199;alle;innvandrere;2;0_6;grunnskolepoeng;0
grunnskolepoeng;2014-2015;030199;alle;innvandrere;2;0_6;person;0
grunnskolepoeng;2014-2015;030199;alle;innvandrere;2;7+;grunnskolepoeng;26,2
grunnskolepoeng;2014-2015;030199;alle;innvandrere;2;7+;person;3
grunnskolepoeng;2014-2015;030199;alle;innvandrere;2;alle;grunnskolepoeng;25,8
grunnskolepoeng;2014-2015;030199;alle;innvandrere;2;alle;person;3
grunnskolepoeng;2014-2015;030199;alle;innvandrere;alle;0_6;grunnskolepoeng;0
grunnskolepoeng;2014-2015;030199;alle;innvandrere;alle;0_6;person;0
grunnskolepoeng;2014-2015;030199;alle;innvandrere;alle;7+;grunnskolepoeng;26,2
grunnskolepoeng;2014-2015;030199;alle;innvandrere;alle;7+;person;3
grunnskolepoeng;2014-2015;030199;alle;innvandrere;alle;alle;grunnskolepoeng;25,8
grunnskolepoeng;2014-2015;030199;alle;innvandrere;alle;alle;person;3
grunnskolepoeng;2014-2015;030199;alle;norskfodte_m_innvf;NULL;NULL;grunnskolepoeng;32,4
grunnskolepoeng;2014-2015;030199;alle;norskfodte_m_innvf;NULL;NULL;person;11
grunnskolepoeng;2014-2015;030199;1;alle;NULL;NULL;grunnskolepoeng;33,8
grunnskolepoeng;2014-2015;030199;1;alle;NULL;NULL;person;7
grunnskolepoeng;2014-2015;030199;1;bef_u_innv_og_norskf;NULL;NULL;grunnskolepoeng;37,4
grunnskolepoeng;2014-2015;030199;1;bef_u_innv_og_norskf;NULL;NULL;person;3
grunnskolepoeng;2014-2015;030199;1;befolkningen_ellers;NULL;NULL;grunnskolepoeng;31,8
grunnskolepoeng;2014-2015;030199;1;befolkningen_ellers;NULL;NULL;person;6
grunnskolepoeng;2014-2015;030199;1;innvandrere;1;0_6;grunnskolepoeng;0
grunnskolepoeng;2014-2015;030199;1;innvandrere;1;0_6;person;0
grunnskolepoeng;2014-2015;030199;1;innvandrere;1;7+;grunnskolepoeng;0
grunnskolepoeng;2014-2015;030199;1;innvandrere;1;7+;person;0
grunnskolepoeng;2014-2015;030199;1;innvandrere;1;alle;grunnskolepoeng;0
grunnskolepoeng;2014-2015;030199;1;innvandrere;1;alle;person;0
grunnskolepoeng;2014-2015;030199;1;innvandrere;2;0_6;grunnskolepoeng;0
grunnskolepoeng;2014-2015;030199;1;innvandrere;2;0_6;person;0
grunnskolepoeng;2014-2015;030199;1;innvandrere;2;7+;grunnskolepoeng;0
grunnskolepoeng;2014-2015;030199;1;innvandrere;2;7+;person;0
grunnskolepoeng;2014-2015;030199;1;innvandrere;2;alle;grunnskolepoeng;0
grunnskolepoeng;2014-2015;030199;1;innvandrere;2;alle;person;0
grunnskolepoeng;2014-2015;030199;1;innvandrere;alle;0_6;grunnskolepoeng;0
grunnskolepoeng;2014-2015;030199;1;innvandrere;alle;0_6;person;0
grunnskolepoeng;2014-2015;030199;1;innvandrere;alle;7+;grunnskolepoeng;0
grunnskolepoeng;2014-2015;030199;1;innvandrere;alle;7+;person;0
grunnskolepoeng;2014-2015;030199;1;innvandrere;alle;alle;grunnskolepoeng;0
grunnskolepoeng;2014-2015;030199;1;innvandrere;alle;alle;person;0
grunnskolepoeng;2014-2015;030199;1;norskfodte_m_innvf;NULL;NULL;grunnskolepoeng;29
grunnskolepoeng;2014-2015;030199;1;norskfodte_m_innvf;NULL;NULL;person;4
grunnskolepoeng;2014-2015;030199;0;alle;NULL;NULL;grunnskolepoeng;34,2
grunnskolepoeng;2014-2015;030199;0;alle;NULL;NULL;person;13
grunnskolepoeng;2014-2015;030199;0;bef_u_innv_og_norskf;NULL;NULL;grunnskolepoeng;42,8
grunnskolepoeng;2014-2015;030199;0;bef_u_innv_og_norskf;NULL;NULL;person;4
grunnskolepoeng;2014-2015;030199;0;befolkningen_ellers;NULL;NULL;grunnskolepoeng;37,4
grunnskolepoeng;2014-2015;030199;0;befolkningen_ellers;NULL;NULL;person;11
grunnskolepoeng;2014-2015;030199;0;innvandrere;1;0_6;grunnskolepoeng;0
grunnskolepoeng;2014-2015;030199;0;innvandrere;1;0_6;person;0
grunnskolepoeng;2014-2015;030199;0;innvandrere;1;7+;grunnskolepoeng;0
grunnskolepoeng;2014-2015;030199;0;innvandrere;1;7+;person;0
grunnskolepoeng;2014-2015;030199;0;innvandrere;1;alle;grunnskolepoeng;0
grunnskolepoeng;2014-2015;030199;0;innvandrere;1;alle;person;0
grunnskolepoeng;2014-2015;030199;0;innvandrere;2;0_6;grunnskolepoeng;0
grunnskolepoeng;2014-2015;030199;0;innvandrere;2;0_6;person;0
grunnskolepoeng;2014-2015;030199;0;innvandrere;2;7+;grunnskolepoeng;6,8
grunnskolepoeng;2014-2015;030199;0;innvandrere;2;7+;person;3
grunnskolepoeng;2014-2015;030199;0;innvandrere;2;alle;grunnskolepoeng;15,8
grunnskolepoeng;2014-2015;030199;0;innvandrere;2;alle;person;3
grunnskolepoeng;2014-2015;030199;0;innvandrere;alle;0_6;grunnskolepoeng;0
grunnskolepoeng;2014-2015;030199;0;innvandrere;alle;0_6;person;0
grunnskolepoeng;2014-2015;030199;0;innvandrere;alle;7+;grunnskolepoeng;6,8
grunnskolepoeng;2014-2015;030199;0;innvandrere;alle;7+;person;3
grunnskolepoeng;2014-2015;030199;0;innvandrere;alle;alle;grunnskolepoeng;15,8
grunnskolepoeng;2014-2015;030199;0;innvandrere;alle;alle;person;3
grunnskolepoeng;2014-2015;030199;0;norskfodte_m_innvf;NULL;NULL;grunnskolepoeng;34,4
grunnskolepoeng;2014-2015;030199;0;norskfodte_m_innvf;NULL;NULL;person;7
